c3,pv,buy_cnt
2520377,2284928,11095
2520771,757036,12428
149192,1118443,12539
4181361,1130991,9529
2735466,1260977,38111
411153,498141,7590
2920476,711670,3098
2891509,15275,213
4145813,3561696,35821
1080785,1084720,5108
2355072,3554361,13971
2465336,1702978,15189
2131531,386879,4382
4690421,361552,5749
982926,3162167,28010
4756105,5076670,31851
3524510,110113,2544
1320293,2021715,19316
4801426,2103257,29838
3002561,1605353,18621
2188684,50181,309
4869428,42564,709
3425094,21799,542
2945933,193638,4203
223690,23814,1041
1813868,780,81
2951233,11918,678
1521931,46512,2474
1194311,702,21
1258177,9850,656
2429887,6401,289
2881542,8827,630
3897386,4440,548
4302328,11923,234
2342116,131142,2068
3624696,107216,3386
4482016,7246,184
2293367,60329,419
4098232,54670,780
1029459,487402,12604
4896062,9930,414
3738615,936362,11285
1575622,504372,12713
4640311,82640,2537
3299155,438658,6997
2096639,597917,4759
3312150,64730,522
3114694,491,28
2352202,34324,104
1051370,375280,6251
238434,186889,4136
551706,30192,1246
4338287,25022,509
2440115,153539,4959
1312642,105306,1316
3995452,12579,966
4382196,14146,50
1349561,203007,8609
2939262,546037,12257
4558987,182636,7299
2430608,24899,259
2419959,105238,591
1789614,141719,3444
1653613,9818,378
1851156,190824,6474
171529,113938,1407
1879194,858068,14646
5071267,363612,5199
3579754,99306,1832
1202097,18834,95
4993094,126172,4355
2982027,277238,3031
1299190,579359,15500
807138,4606,141
245312,189338,5595
5053508,306639,10199
1864538,215,8
337243,6399,74
2322253,40051,1428
2086128,1174,31
154040,1017884,2750
4173315,265578,1159
1973012,74422,6710
3004853,268587,4783
2926020,353453,6189
174239,65574,5060
634390,193074,3905
1216617,297348,5959
1836480,904,7
3607361,3351099,14344
672001,284208,1932
4261392,4995,256
3381933,1567,5
4818107,136149,2177
1117956,1189,5
4112095,1497,110
737184,253928,853
3459125,15709,206
4462359,144027,4850
2806049,50080,319
1379146,178249,4464
3645362,277256,7196
3108044,77060,2854
590997,49116,1607
2578647,396079,7148
4339722,227823,3569
4827537,10002,305
359388,40793,1273
1397912,164828,1201
1792277,122451,2787
1595193,70991,4559
1516409,60519,7530
886203,146103,2947
3909718,13867,265
2640118,821717,20634
4606718,185153,4260
4697972,121323,3851
4738961,7503,166
3611159,2075,6
4358294,107422,222
703487,38350,1711
4708348,7582,35
523181,1433,112
344833,232159,1051
3844144,93065,1811
3496816,47836,277
1464116,773025,39087
3561974,24981,186
4708262,70869,1059
3680035,7999,94
4467019,4080,177
4806751,3615,148
4159072,213187,20182
2885642,1077545,35839
772894,12880,1785
1678374,19292,294
550660,23692,233
3673049,76961,1097
1988433,17957,361
2303546,52352,2498
4533189,89861,2576
2493530,10426,116
4848899,11274,397
2070081,3384,90
2066340,10808,20
84264,94237,1301
160181,22140,1310
3439012,31515,3604
1323466,518,10
1884568,26695,1741
4217906,1044291,16265
4718844,169,11
3548883,151,5
4532706,5174,104
4263789,1130,23
3692903,5304,97
2311290,23673,1485
2025483,4346,778
722945,36110,1953
757910,20893,1223
2529187,71060,3302
801221,183835,7000
285583,287669,4532
401357,64082,937
3456641,15378,686
4130426,40191,412
3938045,18243,251
3338209,11806,435
4022701,460363,4508
119741,144602,2759
1859277,542341,3997
4498047,21988,575
1009182,27947,1030
3598912,154086,8228
1074254,45966,3284
3158249,153858,8555
547606,2611,72
4804883,27041,1824
2407396,15900,926
1646753,94948,2146
2940518,55089,1586
246844,4148,138
3944885,7534,338
16219,8449,256
3250334,10877,302
376030,9980,340
4129924,13595,490
4817527,29051,894
2313309,11867,595
890050,7509,412
4163659,117972,2031
4148053,99474,2913
2154867,34334,660
3694486,14722,159
203249,1393,71
4178970,1212,37
999755,21795,871
3549297,6492,112
1686309,15087,264
2106073,24072,617
4524771,2519,138
3252563,10587,80
2550060,4290,578
4550135,7486,421
3100080,3349,143
2656238,8710,203
1906712,20225,39
3422001,13960,889
3566895,4332,167
3607626,2334,99
1902453,10035,361
3102419,201567,1674
3253357,26733,367
3160926,99996,1417
1676308,12731,41
3017203,7745,173
4962280,155499,1741
570735,684403,15491
1392527,26051,127
4308141,45397,1967
4391936,68281,2425
2217187,32966,531
3833912,8031,106
3706169,3048,174
3189935,56288,3132
2803949,2559,26
4639855,48307,1352
4357323,754160,17948
1817004,93947,2701
4244487,288918,9172
200278,294853,5301
4602841,82400,2046
4874384,87496,2725
1169503,16382,583
903809,372290,17391
4834913,56174,1261
4170419,652302,7600
2321441,65386,1067
50601,91975,3617
3664107,36910,1976
4918438,150061,6403
1612623,27423,553
3788576,14596,249
1630295,9312,134
2433095,32398,794
1008362,63193,1444
2751787,3794,293
3758834,1478,36
5008466,10981,1030
3674869,2378,39
2896142,24501,1263
541347,3726,176
149656,470,9
4339360,14726,413
1920171,6635,269
3773865,2347,34
3234738,8167,282
1308514,253,3
384755,252693,2351
4069500,203066,4130
2337395,12931,634
3695050,25659,1059
2673821,6118,131
1826911,2024,76
4491457,8206,81
1735195,1158,4
4684862,20459,703
512076,2251,173
3164550,15396,1449
873792,24456,564
2459106,50164,984
4134062,6146,173
1275696,160629,1148
3092571,3188,218
163196,30964,1071
957119,18359,1774
3904106,34751,803
1061857,133643,603
965809,282606,12324
1273811,9388,102
1320530,83549,502
2558244,321224,3035
3720767,247686,3367
2774299,27013,2103
3776866,191292,10335
3985610,12887,1059
1231891,45165,2385
4882154,139429,3723
2058468,3216,113
144028,3223,262
4830567,791,48
1829891,10584,32
1104384,7755,38
2626421,38330,1028
1276095,9515,92
3361496,28512,507
3108882,11508,42
65362,25642,386
3898483,103235,3028
2737340,8292,285
2033408,63564,3792
321567,21209,645
4643350,570407,5816
2023387,5009,785
1107469,5747,366
1173843,2354,275
4728774,10160,611
3947630,1116,163
2612027,18651,510
4284875,165235,2599
4825728,28713,67
2887965,2495,121
611849,41439,2107
405755,100271,2618
339305,60771,2041
2629787,123435,2845
2455825,5194,320
3975787,139196,4379
3100408,2190,154
624370,5895,224
4974254,8299,387
1820842,13585,353
3184456,19761,504
620409,13785,863
3343024,12021,755
2566328,1939,68
2666911,4158,193
3264833,6057,597
4632044,6313,260
2253689,2156,47
1872294,15841,714
721664,11878,894
363644,679,14
2733371,49506,2805
3164069,618,75
846990,156146,7757
2979796,14170,865
2633883,6388,429
3025028,537,67
1879672,2904,170
2778281,68878,2903
3519978,5123,252
3430419,29880,2068
835895,242,26
3917972,18966,389
3500710,49866,2318
381850,183121,7527
4731191,155126,3534
1964754,11123,1189
3189162,131243,3329
1633142,2342,47
3919304,13108,278
3556548,1978,56
4829999,2625,83
1449177,64177,4163
4853207,20855,745
794153,5066,328
3694648,9292,117
2832009,43739,3285
490076,6849,35
2895013,3059,177
2950381,2257,80
4212922,5928,23
3848953,48061,2799
5045733,20703,367
1787510,201731,8509
810632,12031,819
874415,45279,4162
1922644,11491,424
3744190,5305,340
4615159,6669,179
5018044,1318,83
998114,2227,146
3866248,2484,111
4576874,79304,2193
5012555,5403,251
5030562,30374,394
2218582,16955,1638
4663501,5161,67
3985474,10518,322
1253595,23321,103
3593457,1886,22
101859,5043,219
2196412,21030,646
4174564,7653,51
1885829,5633,81
1729993,72247,1444
2921059,935,9
913035,5916,294
151648,13352,146
102272,120142,4032
1227327,8398,272
245030,35900,847
4921617,14961,734
1798067,914,2
1269883,20933,283
3232473,41330,1736
360294,57697,1702
1081037,9278,271
3400167,31871,712
4789432,357439,17725
2736436,65710,2402
703852,5054,14
904454,27973,2055
772629,87578,1380
68149,1887,88
4220691,7719,662
1175965,496,0
3010483,13714,325
4681109,755,49
4100652,3996,227
950439,6899,112
2704015,420,12
4134433,14148,369
4781613,4818,9
3855599,76882,584
4214800,4521,42
2181935,144510,673
3730378,13722,902
5028097,11455,164
2247787,54501,383
3807763,38589,490
4915680,27026,1341
295183,7993,308
2590256,63295,2399
3391862,16414,574
3373953,731,21
2428385,1433,8
284968,24008,805
2129263,1946,61
1954691,9394,355
3880463,31606,3268
924708,25812,363
3416804,7463,220
4077781,903,6
327651,6255,316
714348,1280,85
4048584,68283,2158
2872443,58468,990
5140516,4160,361
2290623,32171,1116
4672807,235248,9699
2087597,33082,218
3922126,10117,583
4580532,95137,1097
3999977,30564,1087
4082778,196996,3186
1850548,16066,431
3379070,1422,23
1573426,94796,2730
3415505,7633,259
3159480,17377,147
2986945,31262,246
3747679,2591,130
1102540,64123,2548
4152994,32772,669
5048062,12325,472
1041861,492,27
3294401,11426,124
4044753,4129,81
3800818,77545,1161
3465932,5109,118
4792801,1564,128
2922264,14224,85
1411462,3336,270
267209,61860,2175
2672392,7824,361
2553450,7166,252
3745824,17140,118
901282,49293,4393
499642,5662,41
4119922,5797,430
5091223,5332,484
2558204,45641,3310
583485,9674,769
2331312,37790,1117
1620537,16941,722
2604507,14968,763
4719814,114976,6427
1914382,9532,931
3797203,6451,330
3536601,8201,456
2232467,799,2
1601543,8664,1099
3883310,9108,306
940691,13,1
4301450,37168,2044
2321836,18215,2361
244923,6095,863
1046047,44177,1298
3354571,49624,1395
1250975,6748,200
862523,4047,198
3825436,2302,204
3835723,6898,263
3381583,62443,3107
895939,11486,962
4512393,23306,453
927764,13490,202
3860845,37895,1405
2013232,42071,529
2576484,44569,1719
3669044,29665,3332
4081518,1413,107
2462567,204336,1865
2228184,156122,2025
883960,331778,8461
1852398,10597,94
4321796,26765,521
2361828,39286,679
3208959,81537,921
237446,40863,389
4958794,41602,2004
2729004,3279,96
888921,3196,46
3113031,3533,89
3833754,4509,327
4424369,5512,105
2103768,5627,553
318219,8409,609
1204223,4910,74
3371868,56321,4602
2158079,101074,2707
3702593,118610,3550
3171095,34614,428
2535791,2650,107
3015852,85587,3225
917578,1509,38
3937192,11889,438
4780547,26968,749
2705662,5240,83
2157356,33752,1174
1956773,2905,85
3235112,1275,114
1864286,1495,39
1440390,5796,299
2533863,39438,1691
2977465,8498,696
1829804,15555,1408
4282670,34818,630
4286569,13266,1108
291898,1334,27
4086613,45850,1922
2872294,2614,200
4551473,757,54
3076855,6127,403
856718,21399,704
4340213,2943,120
983613,113371,1254
1629035,20987,406
2772071,13027,281
1360711,1967,44
107693,816,23
800581,80847,7950
3711641,13479,234
2174838,16027,235
4241691,833,63
3432990,2329,151
866945,170,16
72526,73755,1836
2156574,21245,491
4238676,54370,1189
3230909,19693,450
1567637,250201,8117
4936889,58659,871
4121221,11358,833
3604509,64863,2026
1342174,111,2
3380746,833,74
1488813,79939,680
1774298,1417,19
2124307,6881,676
297829,254,17
3768664,24071,501
3656803,75,2
2233438,3680,82
2518268,822,52
1611144,23458,1356
4141018,18247,242
1189158,24882,424
4368942,6790,95
922189,21748,768
4285553,17313,1466
448398,30744,795
4298656,39550,1155
1198404,5590,841
4869837,16706,1364
428367,22326,2304
2975713,10754,639
869231,27269,722
4282651,10498,436
1386805,5753,127
858800,11354,135
350027,5758,81
720666,5866,95
4294583,12023,795
999980,1397,21
3756841,2025,108
3444947,267,5
3252144,28391,219
2819188,5139,428
4794845,54640,1165
902410,12325,533
3054014,11696,725
1154246,54553,1341
3077776,8838,737
2837163,16728,1144
2270398,1466,19
3935164,15510,135
3566034,54805,1069
2732466,32489,580
3774512,43990,2416
3672452,32080,617
1014564,23517,561
861104,2615,26
1776295,8429,351
1349634,50148,1495
866301,131855,10224
2858794,95878,2803
2508553,1674,143
3138705,97526,1976
1957261,8758,185
2693696,125367,1569
167871,6961,5
450901,34142,2166
3173741,4072,82
330316,32444,2109
2450012,172,4
316352,5408,469
1943877,26041,462
3065645,159653,7707
2572604,108253,3583
3946580,1282,10
1628657,12281,1286
1045172,81708,4059
3616520,79513,2991
749203,10509,266
472985,8589,383
1467750,113434,689
3253210,29483,1535
2202384,46513,485
4654786,50618,2883
545259,7564,633
1994940,114025,1504
1125484,8347,102
4555262,2278,37
2805193,10310,523
1293225,19222,477
1526484,8683,156
941949,126542,1243
2241047,21097,863
3673501,84693,2147
3087458,24662,2548
1568197,177733,2947
235534,258665,5268
4513450,3515,23
323851,33566,452
1331853,21423,934
3059103,5483,420
2476560,65931,3778
1916025,5068,262
4138583,40427,2569
661759,5896,55
3378887,34972,889
2877672,77244,1819
2362370,30624,222
3209590,27242,892
4919077,87290,4636
3409740,13173,324
3675758,15687,505
4565874,18309,1450
3637176,518,17
4550637,2891,63
2251446,8939,433
4050612,74152,1522
622168,58683,302
4051859,35498,278
2221749,11333,554
4242717,94510,3247
2966303,49703,741
3220984,6159,725
4736474,4736,197
1415279,6483,393
2056274,14236,192
1807416,69899,1177
2891408,50550,2236
2738312,7499,278
3789342,4848,335
3623883,1760,16
2092246,7982,268
2728585,3783,172
4458428,66966,1559
3112817,63682,1154
4443922,6376,344
3277224,51353,2040
146830,34315,1342
2581941,42564,2270
4897718,16606,1047
4911958,7375,642
2878148,19976,887
286229,23638,729
3748100,1565,203
1944905,5011,284
1817077,6799,251
3829421,25048,781
2304296,76860,2532
1421739,7746,89
113102,24690,410
2667323,50193,1028
1277467,20981,509
4655941,30152,66
2565960,3021,6
834876,1270,15
784716,3410,70
3340725,69957,411
3335147,12075,149
1528701,24446,737
2976589,2976,118
4169506,14150,1159
3231625,97141,7259
1125862,48695,841
3072574,1264,31
2810146,13803,137
4470576,30728,1045
2750247,9207,40
2777825,4103,226
1572948,17914,1891
1506939,1527,40
2548944,3782,354
4391390,10649,577
1354236,27243,432
3886822,23906,400
2786309,3834,224
3323163,10772,143
3672513,1432,7
583014,22078,80
2495340,67247,4133
4218149,572,0
2530695,3086,37
1343555,25270,64
3419760,10870,594
152639,340,8
1524215,585,0
4303322,1787,151
582243,22472,933
845650,19618,917
2411901,1647,66
3962843,29534,1142
1248986,2968,91
1158475,40910,1486
4981793,1755,34
4978351,1485,3
3780321,1884,3
4743234,20378,249
3286546,502,5
1647415,3363,189
1297992,28172,2078
3912910,14064,954
542584,12731,1507
1127566,20636,1537
605882,22474,498
1844626,2102,40
3257290,4470,251
3779369,16068,862
4611962,9863,308
4242742,1232,45
898327,10011,264
4326723,3600,37
3791863,1902,18
3582241,25010,185
5150761,19013,295
3372283,5442,475
903158,5809,0
1040727,21341,176
1020087,58049,359
2296439,50943,2452
5052177,758,23
3053420,7637,263
8254,894,81
965505,278,11
4762182,12405,1099
1446405,5635,511
58498,17427,694
3398567,50976,2214
1127151,1344,24
1368409,4602,44
3867633,9351,265
2964603,28459,749
3862122,1264,119
4006013,21433,1237
4707763,1613,49
1265358,183813,9566
863375,18642,1573
5046132,16454,1433
4763051,23526,1766
1429156,19066,1238
4181817,2866,251
1506018,15909,862
2885889,3751,246
2702525,47048,1303
1451814,9501,820
3351726,35782,1357
3740459,30740,2107
1597811,998,104
4211233,1391,74
2485713,3989,282
194806,2965,59
1672186,1006,5
3455871,3312,21
4397248,5511,147
307943,5179,528
2194744,26820,2436
4784134,25700,1966
3504022,23089,519
2064089,2815,34
3177764,19182,822
553365,65761,1438
64179,32556,3853
668498,10641,267
2591545,11287,432
2612425,5039,228
1884322,48415,2979
410749,12080,240
3950077,5622,142
1376358,40139,2264
893651,9580,404
2815065,27306,1274
476283,17964,1456
3455617,19456,1439
1950457,3676,285
841696,23457,615
4396276,521,61
136225,329,27
318592,2277,163
2156156,14337,897
366112,65074,4461
1487591,7734,251
4893662,752,45
562672,25659,433
2420210,411,22
2085893,15431,1465
4901188,61508,1088
4003886,10075,173
2160135,2106,29
48094,6027,409
155172,50700,1828
1689352,13415,1232
3817434,1607,116
3619575,27153,1575
2448593,12808,903
4466876,46059,122
1530704,32834,524
3466318,7242,106
475867,8307,103
202297,17648,70
4894095,26112,1262
3323023,48539,141
4476428,95353,479
2890111,44060,312
4509358,45983,227
1888306,27230,422
884828,9770,77
3445085,79,2
4866919,4786,50
2892802,126253,819
2513189,2837,51
22129,19528,62
500212,21713,165
4712571,37572,757
2827444,81558,2038
306202,16149,341
1474371,48497,2585
1868423,27925,572
4185300,5154,56
339580,42728,2730
2201685,18586,934
3794706,25259,670
2306045,10375,86
35290,27247,271
2326411,3588,67
4847838,24774,280
1867533,11819,543
2479420,40978,381
4596496,439,1
1068933,78782,1859
1438507,37688,132
4018900,3056,261
1635194,5911,281
2644484,15192,477
2812993,5564,922
4238377,17287,1058
181348,10967,72
3567828,8745,178
4434812,8758,352
784830,19080,89
1875258,20610,888
5103246,1858,64
2066454,6422,23
1765288,12746,152
1833532,1860,127
4174942,6264,465
3786362,2894,71
4447409,2296,138
1373144,7008,156
4988053,2746,124
1186008,288,11
857232,292,17
2394030,23071,1028
380289,8164,770
1928278,42348,2478
4783832,799,33
347254,274,23
339124,9635,351
1834026,122188,7807
690811,16476,810
1451041,10104,199
472273,2162,150
2615163,8574,386
3597057,37994,241
753984,324499,4121
1648035,1380,148
2925160,54700,1734
2489066,20755,492
4193511,1687,40
1730376,6440,421
1388982,2308,100
4469639,907,41
3544253,11464,54
996449,30856,303
2672762,25473,466
1526856,17048,206
4633953,32189,1351
3749412,4346,289
864424,9427,174
3117587,1946,140
4320339,6703,39
4583884,58819,328
3983988,4124,19
3742652,7530,686
669425,3229,29
1943989,26261,660
4332385,417,9
3729292,7477,336
3911423,5964,69
2796506,6908,180
1901483,4489,255
1730594,13851,643
3836451,37903,1023
1756314,4603,335
3747017,94965,6771
2158870,7753,592
3320579,48024,1427
1419569,2689,258
3530487,21232,1573
1249923,9812,31
2340518,11768,163
4540978,16741,955
4889820,6047,190
447553,1619,86
2627037,154,7
210544,5995,210
1722855,50757,686
1972894,4202,301
3796207,17898,529
2384561,3091,303
2297500,66007,3934
569703,24037,1818
307335,6356,485
3248072,31011,2979
834620,1556,27
1982376,2216,26
3850614,14157,354
4310023,42223,1031
446701,28780,1104
3521896,1598,111
3563906,10016,385
1725832,12789,39
4525249,3192,0
4244990,17462,286
3176755,1810,97
4904396,3712,187
4338029,2700,126
401765,20267,309
322805,5869,834
784204,1808,70
2578010,265,29
3818023,2067,109
383749,113746,1744
106173,7107,385
671854,542,20
3209208,748,8
1626599,8628,270
4281067,4937,250
3102560,19322,1556
2042400,36534,3516
2341266,1782,29
1881956,32576,2303
2066955,35810,600
440901,23083,221
3177877,42040,2141
2030976,47992,2601
3121949,5554,39
4595718,5471,296
4151801,68473,707
135038,28316,302
1088357,1393,37
4826471,13157,341
4042890,5134,236
3083452,10761,331
3653910,5331,425
182615,6167,145
1981996,4662,244
1910296,6392,101
1691699,43400,1752
1277731,15550,653
3255541,1855,186
3354186,13729,1211
2753808,13726,1171
3410245,17677,852
3865465,14609,476
4197505,17532,968
831271,6224,201
2288327,421,9
3682757,4715,218
1868811,4686,259
876318,21237,1323
4672150,2780,141
4969568,32808,2262
3081594,25732,565
4808228,2826,107
2255207,1031,59
1694669,1877,167
937781,4019,397
2062239,3596,36
1113817,5030,238
79085,661,1
1780495,8970,718
4662072,22392,225
1150511,2297,74
359481,83,9
643645,46084,608
4015820,46147,1623
2367907,7071,171
3449559,4002,264
2632873,19286,1291
4372990,95,29
289692,16703,164
3388914,16251,133
338646,65268,1469
4049997,728,16
3902231,6769,598
767106,25846,1200
3708707,5760,113
2272151,3082,140
174490,4708,76
535180,17079,725
2782399,11102,514
3309245,5340,78
5091218,180,10
662846,34830,407
376840,4965,25
2817976,1986,21
991505,138,5
2978598,2359,69
3457718,30413,83
838946,14289,871
1457367,20888,281
562852,17736,126
3947859,8075,263
4559624,9075,507
4758477,46183,3193
140970,4700,90
2020240,16931,863
5003455,29697,366
4039865,5535,131
976550,878,63
3497230,17933,668
1849958,2466,120
5074895,1268,73
522951,16397,1073
1140683,247,2
1120543,780,10
2729610,4123,248
2992356,6381,142
1375362,2171,82
715319,12034,704
317647,8595,261
3736316,49882,1764
2212343,6509,85
79451,16039,516
3879559,6482,181
3805065,30296,470
3779986,7297,229
3864364,8023,559
1471163,36955,2227
3704829,1291,19
2492895,21884,1189
4921805,51120,1572
2154669,19019,1007
715487,9871,157
3407883,63857,2985
3233128,6941,473
4378501,2687,173
1488577,3094,49
4203730,31496,275
3100520,16993,292
58836,19347,2012
4188178,25314,502
1493374,1688,16
3280142,337,2
2671397,38614,2759
2914063,7598,18
4696710,23744,559
1276979,4468,96
128908,953,1
3126258,12104,23
2486578,11328,180
678559,506,12
2424221,97,1
3123784,56493,544
2195789,22916,1185
854059,17607,731
4336538,7120,283
305857,2342,150
2994558,8876,248
882095,12848,243
2786875,921,43
4669265,8486,297
3533346,994,12
2344159,3878,93
1445597,1079,16
2540093,18860,585
4589142,60446,304
2740196,706,11
526781,1421,79
4583654,19114,1357
2016952,849,68
1281227,8960,223
1012333,1281,165
2426236,14188,541
3090850,17349,856
4044118,3388,70
1737857,21087,975
431452,24886,1288
4292119,16894,509
4756730,2377,91
1485951,20865,388
3519828,1941,47
2729260,5120,245
1505776,54947,541
3641324,3299,91
1689624,28622,1864
2181439,2060,93
2466971,9019,773
2609943,2812,106
1721893,3220,325
1249761,43039,1324
4241245,7292,269
120033,11893,624
1818551,1553,53
3679920,11672,351
4865695,345,21
2480068,1464,120
4827153,10926,106
977169,448,15
3332130,10765,50
2878347,963,34
1905278,1811,5
2616773,3524,165
1479983,614,4
4135836,65296,1673
3461823,50144,2519
3446865,2751,44
2791234,7870,535
996587,5952,216
685330,5636,253
5127795,5215,105
1961543,3416,92
1813610,28461,1758
1082838,4667,88
2880419,9844,284
1338377,15332,606
2794490,4621,24
2903469,12152,248
4823943,4014,95
3991166,608,33
1013319,22530,618
2939779,523,14
266727,2668,69
3139583,18787,448
1419417,32357,1315
2721770,9613,730
158300,472,61
1573465,27062,2991
2587645,2974,2
4600680,1617,0
2438773,2050,112
3590468,6435,143
860357,6192,491
409729,3896,165
3454970,11780,477
2422417,7792,404
4625708,4555,259
3662596,4204,144
181182,29154,858
3790396,27650,331
1170772,9603,520
2649368,12022,342
381048,3960,88
3795340,5505,212
3926800,6235,186
1717476,9842,709
3248864,11847,960
4273662,26669,691
2779062,6513,205
4716920,3278,131
3461081,1238,82
3154837,2245,244
2322896,3286,202
606970,2793,103
137459,1260,10
10235,4593,45
547478,6060,158
350402,7480,112
2041411,422,2
2077723,5384,184
269234,8805,216
848854,6857,285
2812445,11529,501
754344,1374,43
5134623,8190,240
3118167,21910,752
2532699,6524,54
3635345,1755,10
865039,26450,847
4468927,5581,222
2723483,10860,278
1165503,39099,145
1936748,28481,2581
4392650,10363,1385
2582254,3613,337
4364882,13504,336
3829657,21046,382
4236628,8326,116
4757812,13143,143
2476651,93,11
4208912,3661,81
2596428,23687,266
4167958,22178,337
4276787,28340,923
3544014,7331,657
3627351,11472,1106
4268427,852,53
3620161,41744,229
1669167,14485,1080
3731630,1392,49
2764935,530,43
4587489,616,49
2425725,19500,330
1783394,1928,71
2278353,1325,55
3993644,13359,802
2773917,5846,262
255113,606,10
3874527,8722,182
3132593,9274,430
2409814,13835,767
2164274,6267,293
62469,5296,257
2468711,1631,51
1066563,3237,67
1868174,5199,71
3343095,20127,892
929749,2184,143
5108899,793,38
1977169,5166,143
1812396,4318,156
724320,21177,580
2201622,1557,79
3783926,1259,23
1454470,14429,299
3570656,19272,320
4750127,6433,592
127286,1119,5
4444302,34694,937
3582485,14961,200
3155703,15341,1294
653249,3079,104
1708445,6417,273
1391195,10178,332
1023823,10336,1564
1795157,16399,144
3405071,5020,272
4482419,8748,872
1560806,3043,2
1288487,59417,1661
3415144,18532,1449
2272488,19871,235
5029530,3110,346
1217732,937,56
1579551,4637,202
1050007,60638,1109
4621949,12515,350
2846152,5382,259
4625363,12854,125
5007081,14991,174
4098379,6098,191
4056794,4552,238
3464786,10486,144
4267003,29468,394
768709,1661,63
3422025,3156,219
1548278,57255,2674
3900668,4739,727
226341,7858,275
539513,11897,246
2751130,949,18
4605179,192,7
5064,27613,312
2507053,10300,564
4528620,2772,207
1665989,5383,429
1898686,12227,312
1990869,11335,673
3324385,1406,80
4600060,6719,61
1693998,6559,99
2684959,9842,83
3298361,10261,159
990723,2071,126
1040356,28761,444
2262787,3223,130
1615537,35155,394
2478177,7365,75
2037779,2510,53
3367924,16798,272
2794147,16207,1704
3924783,18486,667
3834955,9206,181
2966276,3371,68
4334671,5330,274
432873,13727,347
739663,4472,164
2561712,5448,226
4850823,560,41
2923541,11964,301
363144,7084,64
3394581,2302,45
2725426,35252,698
1422474,13219,858
515200,3431,60
3427814,1174,13
4317228,5283,687
605237,5530,356
3441583,32167,2108
4334077,13404,673
5125081,3994,394
1610764,11915,790
1528133,10332,1099
3075521,16240,377
1873826,4180,222
3827546,1490,140
4564007,2834,314
1136776,5907,227
1712001,54,494
1733466,5085,188
941706,9825,81
481472,1935,3
1016735,6097,18
4242495,731,30
4892920,3008,43
1410963,286,11
4103233,27,0
4553088,6379,94
1825059,95,1
667349,1477,25
96655,3577,60
1176344,2934,111
475026,982,10
3404739,9933,60
3685019,110,3
3199525,144,11
4032951,930,57
3917559,785,50
3683798,4739,28
4066962,20285,430
4627820,12752,495
2675427,12283,619
1544586,6315,303
1970375,2112,125
2989452,9517,590
1902627,2502,93
3360956,6588,51
922588,4102,254
960102,13424,648
4828523,1361,27
1508018,7812,965
4871255,10779,420
3349625,546,50
3891335,1361,34
1574064,6013,93
3401301,4096,92
2337136,2395,112
578983,33083,182
2713041,3371,302
4395670,1140,21
153285,12588,32
2168489,765,102
2204852,9836,556
3438670,104,0
3495606,23,0
2998328,8626,116
3303026,45243,715
751105,8493,136
2657849,264,4
2620182,3031,229
462551,2793,81
26128,85,0
3468569,642,4
1274417,3540,304
1561921,6095,750
1108912,20979,293
2049879,1161,115
3459562,45481,1328
3751366,12971,18
4355436,37181,216
2467853,2352,105
4096107,7178,245
4011278,16828,326
361095,551,43
2393184,14461,979
4144410,3842,163
1479868,1514,69
3274258,20830,416
2464463,3,126
2130314,7067,193
1929875,16921,815
2436637,22605,1274
949648,12528,468
4563628,6639,705
2636586,1480,101
2223246,2554,319
3369736,962,86
2730467,3162,335
3123187,12164,528
4676764,3182,188
750508,143,7
226943,1308,83
645479,3263,19
1855417,1209,7
1766039,6813,323
5028877,18587,644
832574,3318,34
3231861,13633,339
1139188,182,0
2602354,964,19
2210217,3385,213
4613485,4643,114
4723214,10392,153
597734,2373,47
4292858,3838,324
5063923,19033,1677
4517019,10391,263
4331400,16562,1956
4793839,497,24
3777010,4320,95
3311020,3123,86
61626,3786,217
1461887,1888,371
1382264,8743,323
3478949,832,3
747109,2649,284
803507,1455,118
4830705,6091,437
2617994,5171,170
1502525,389,69
85955,25118,3632
2948269,11146,354
642223,5655,363
240681,830,45
1281171,24401,520
3767409,27089,1106
1960675,1984,6
940822,11417,448
133377,22814,326
2273944,1477,80
86415,869,21
5126295,4936,115
3348105,4484,113
4864926,11624,251
1126526,8784,162
1090997,19247,670
4527263,2342,98
1664190,1140,27
3982336,9113,82
5068521,396,22
3395036,380,12
1711596,18635,704
138081,3331,358
564681,19796,661
2853993,27596,564
1000959,1496,17
2579035,29311,194
5146409,6269,197
1392765,691,22
546816,2771,75
2767575,1461,23
4939021,3325,24
3106495,4754,17
1490103,243,2
1264320,3385,180
2748804,40474,218
3478346,1155,72
4265386,980,78
886708,1953,57
2523199,2611,47
4432036,2497,70
3176349,1240,41
3795193,2816,92
3758209,31486,351
4350978,22592,1198
989763,11652,255
223764,40,1
2043591,15207,81
2276883,8896,323
3652646,5040,71
477292,12020,539
4876006,538,44
4503832,6773,264
3415438,536,41
1026507,28423,227
4908092,7842,283
984238,1022,98
3092897,1341,66
4900860,42,3
3358752,2104,13
1963052,15990,852
4928116,4657,4
3001296,12304,515
3147903,27668,116
5041265,5401,110
4877478,12192,869
2678261,21502,363
1030331,4635,322
791327,14778,652
2089582,8516,438
558076,2231,119
739426,23008,1512
389704,8287,536
8409,1384,90
4767956,364,3
5008221,18002,1192
944818,12085,435
5060750,2986,192
1308457,17857,216
1097635,2022,64
3641399,649,13
1207502,1667,85
119365,2434,229
4718907,12182,1007
344221,13285,690
22257,6120,358
2905937,5059,91
916973,5653,294
668960,7353,147
5024228,5964,562
5002819,19081,199
393045,14082,387
4223213,4463,257
2129666,52588,392
4085342,4644,217
2678170,4567,346
3135863,5207,89
4897452,269,28
210158,1068,28
3030258,2975,215
4966058,13136,244
1759909,5663,273
4418144,23582,206
2306491,754,125
4718134,20484,257
1073768,23598,335
1416713,12109,929
5028478,7743,512
3608477,6546,636
5043656,2567,148
1384330,3243,109
3920188,1667,45
5053648,6855,57
2500714,1814,21
5142197,3642,243
3759918,2896,438
2562909,7044,370
1207887,97893,320
1609467,24265,1342
2316980,4431,251
2657754,263,12
2863168,14053,817
1539964,3681,244
1781126,32,1056
4789674,19650,1088
2310649,4129,321
3814016,5414,305
3100759,29862,431
1953179,14414,281
4069129,4805,513
4602388,2126,172
2883724,7068,804
1587961,9725,665
3038961,3354,2
3681810,38776,508
4223012,8248,572
3392099,14165,428
1793060,7487,30
4449178,24847,452
80482,3160,162
412619,11247,244
1733868,19085,426
4688770,20657,154
2603528,6677,99
155091,1597,26
1540741,1434,70
3639576,2340,148
1903669,535,13
3571884,5337,207
3214361,19881,739
2072473,77531,2763
5041153,8073,615
560936,2751,247
3141941,7034,352
1350790,843,34
2314022,15931,682
2028981,2495,157
3538807,3818,236
1532088,1717,238
2595793,8920,438
2171,1741,118
3362038,6842,146
4519460,7886,811
916918,686,40
1918853,635,54
2662466,2870,292
2145555,7395,388
2451344,800,30
211810,19746,248
4121590,11221,392
1549753,322,3
4450414,7305,93
1109050,2637,19
4154799,867,5
157878,3828,297
2506339,4722,126
1254330,2216,135
377977,5162,60
3726582,1274,16
1628899,2704,146
2852310,5214,275
1278525,22693,337
36289,4782,468
2651305,13508,1021
3736936,12610,183
892482,253,1
5063620,40331,1383
2390349,3909,41
573847,4461,192
2913415,1454,11
913428,126,13
577329,5183,289
1298828,2966,158
3453741,5718,285
2070852,7798,136
906800,2039,176
4953972,657,32
5042232,2128,48
420556,3714,314
416088,3818,262
2452793,13692,235
4725649,5012,38
3490970,21641,425
1117098,3788,93
67918,6465,461
4989816,1287,13
3809976,1535,41
4121939,732,10
1652543,5100,131
2050292,31344,227
3791831,9864,389
2862512,11397,739
2101190,11791,61
3253440,4122,204
3523150,1898,54
4004564,15020,67
3531700,8456,26
4251131,6787,293
1500468,755,25
5144469,21855,762
1755681,5598,327
4979740,5661,300
1104592,16368,930
122108,3562,133
3998581,690,15
284601,880,44
2860496,5406,18
4263418,9105,139
222147,5038,209
3141832,8495,508
4526708,1484,46
3033798,5507,215
1947820,763,51
128357,7473,666
16766,1541,59
4591425,1381,196
4315564,3852,11
5088091,1491,8
120493,352,10
2896348,1164,10
378698,9423,101
4183103,8973,244
1132429,16038,233
804084,5516,2018
2161099,3433,125
3944254,1227,49
708574,4325,41
3422867,134,3
2860698,2693,64
721242,4925,150
84994,1477,43
5101104,2733,26
598788,764,48
802833,4234,102
3091786,1864,36
4083839,79,6
1948588,986,22
2256028,19898,448
244681,2613,242
2515942,12527,799
5147460,11686,586
2366905,25231,1075
2644878,21174,585
2818202,2539,192
4139726,2745,57
3628508,1207,261
1805756,6482,191
4515486,6593,51
1483715,8771,312
5138205,1312,14
1651393,1139,2
2247880,13716,94
992333,457,8
1069119,913,32
108181,454,24
1121141,684,6
4725921,1696,8
3251598,1412,7
863775,7072,177
3757194,1542,15
1723409,8613,506
1604691,5514,12
4598394,1496,9
1119638,1277,51
2052526,11347,171
1846937,8725,320
4419230,5092,148
869764,6546,187
2609569,6217,225
4710097,2116,166
3817036,4855,217
1609851,6909,602
1213320,10235,534
1742197,1630,166
970709,19922,2404
4052307,23831,361
2800021,20711,294
872572,2065,15
4700878,16090,464
824180,2199,20
5060757,834,11
1207256,3392,298
3758226,6283,575
3663224,2532,75
1194737,10559,707
991102,941,51
2136933,1973,154
4596584,2360,21
704515,1857,29
3194735,57243,538
2631608,6693,347
4235673,7005,353
1167492,4823,22
14900,3744,178
4211850,4095,62
2168009,2236,215
1950665,3655,128
457507,973,31
4003932,14679,1013
3124121,797,17
4713427,8606,257
2959407,4800,720
2096668,328,2
2924150,25703,457
3188631,7011,593
902556,16605,116
4312352,3946,36
283996,14516,275
3232886,3596,162
2835439,2837,3
2695311,770,0
3542225,1170,0
1367866,2708,13
2615320,14264,363
3336019,2600,251
212449,5948,224
2512930,2400,111
1408807,3790,326
2573442,1307,86
1639158,6282,324
3952744,7840,710
4842079,3413,130
579105,2849,142
2526478,427,15
1724559,32108,668
1127791,1455,47
1264586,941,5
3842534,134,5
4023718,110,4
3470850,13375,105
1451783,3275,88
2191219,20914,1146
1763474,2402,9
2652700,9395,29
393663,5190,14
1340517,1422,50
3654707,1702,61
2244284,142,5
4736875,763,22
3066289,3742,26
1109293,2923,101
3326628,8038,27
1545822,14476,105
2259994,7198,375
3916967,4242,465
1297315,6128,413
4868797,14094,700
3191556,6203,116
3980900,14910,811
3995818,11965,347
2599558,963,77
4389342,4599,179
2169876,6527,489
4370528,11434,462
165035,7701,556
399287,17766,98
5013760,11590,344
1320782,5536,454
362515,944,98
853952,13,2
1372635,522,34
403903,154,3
5048805,3835,93
3194089,1630,120
1305897,6705,157
3355288,208,5
1366688,3704,555
22892,6101,86
24104,5419,49
1367932,12543,322
773961,4074,171
1356029,3432,180
5057769,4270,169
2622529,356,2
332127,5882,79
1476096,210,5
3232866,194,10
4329518,3124,217
2242620,3891,77
1497533,5726,74
2551049,6769,246
1673021,8936,143
4089476,3469,156
1988672,2516,113
625430,9249,207
3573424,1442,24
2453521,163,4
3864227,1721,34
1633002,3813,114
1487638,5248,21
1406509,1674,32
5034390,6451,140
454555,3399,26
2834771,4447,216
3876855,6328,37
3795317,17421,18
1477455,4785,32
558667,4957,20
4393800,1327,42
1015419,5626,233
1738105,1818,28
399980,1860,80
4772448,2964,137
3170314,1092,69
4770284,45,5
3879308,49058,2026
4015257,6522,556
259455,709,34
1014423,6794,208
4803457,490,16
3166478,75,1
1037069,1474,25
4365013,4947,306
2183707,457,34
2652344,1885,18
2983928,5384,471
946991,1117,23
1778777,3913,60
751494,12601,218
2706436,8477,162
3777112,5420,123
4754898,4675,38
2426100,1853,14
1436758,2372,44
1462446,14714,761
2165636,3876,365
841380,3718,130
1540947,3526,264
1980111,7525,207
1873646,675,41
1842993,19541,989
285048,2009,82
3637084,26991,1637
3547172,7006,303
2301954,16422,481
4226833,3228,95
2792484,10020,349
2917711,986,38
2370324,18563,1114
3882728,1478,25
2328673,13603,503
906010,2364,47
3747586,6711,193
4059369,265,18
2440364,23281,506
2547722,2166,85
5132867,413,0
243423,30818,864
4864403,911,48
1031083,2358,117
15890,1519,30
1404020,894,2155
2443475,826,646
1025720,12162,1322
4989387,10748,989
4558340,1279,123
750949,17332,1285
3289997,4109,272
634034,5590,388
1023710,6349,532
3897299,4905,443
3305081,519,23
1252230,9676,360
4257541,3438,334
1177618,3084,104
833866,6433,139
4974494,4998,56
957385,7654,46
1941546,787,96
715950,1049,123
792836,942,8
2528824,17760,213
3942501,177,3
4519805,416,7
3600397,1756,41
3212445,674,14
2393800,2024,191
4118464,5146,98
3150229,3657,19
815579,1215,14
2809407,5206,246
4595260,697,39
4537798,5625,141
970338,7072,403
3527242,1996,33
3727100,1683,48
1829221,10162,334
2957371,2350,40
1619654,213,39
955432,1782,73
4191275,8969,262
4734879,9629,110
4252759,1073,16
255969,5707,155
3941877,5877,94
1274818,8550,447
2855230,140,0
348175,5520,67
5003604,448,3
2026907,6954,258
4217061,3430,4
781315,18648,506
2855743,4393,25
1550383,2153,19
4070504,6283,42
2611736,7878,149
4239903,7483,155
2198870,523,15
3458525,2233,47
4956748,11058,288
3222818,2894,108
1691286,8971,69
1375246,796,20
481203,3431,110
2014414,20217,186
4396514,1132,94
777988,1698,78
818120,511,4
842205,556,43
3953647,10709,464
3843209,7872,65
1697889,5618,128
3460627,781,41
815501,11093,578
4912031,2199,51
4018452,8804,117
4601757,5201,342
3069540,3587,225
1368970,10943,1372
5101505,788,41
4822722,5556,406
481876,3242,219
2328010,4673,228
2193925,2828,78
2292764,3327,28
4995985,7722,843
4078898,4148,120
3346906,3900,110
2200343,6548,158
2400671,1114,16
91943,761,14
3715755,3506,77
3084958,3865,80
1151753,3992,128
2997109,6126,199
3885598,7167,157
63690,4435,919
4664549,7781,270
274067,21258,580
1807584,9165,711
3780598,879,38
898578,6772,182
2102739,3900,477
1592513,4014,101
516198,2577,87
2352811,3733,132
4387956,7215,714
3653118,1231,0
2204097,10811,386
2003083,3128,179
3632786,7946,466
2253970,8606,484
1910923,13150,325
1306853,2848,159
693937,7180,109
2814177,1193,74
2451199,1828,101
4988911,16056,649
1343413,3887,248
2739327,17812,1321
2250828,1207,33
3125533,1574,62
645856,2961,18
3202037,444,10
1877159,1381,3
2754205,5322,242
2554987,3315,262
4983053,8758,82
4078249,27600,524
385383,3189,59
323198,384,25
959452,4407,301
1569885,4709,74
778398,740,44
4954200,4897,108
1832757,1988,21
4776297,7391,465
3724091,5867,930
4411949,11570,318
1748831,927,81
3566542,7177,118
3753684,627,36
5052842,3822,208
3004643,19590,505
4862609,563,57
3099296,5384,88
2415168,7708,370
4703483,5832,309
4891188,2971,98
3595100,3195,22
551254,319,62
1305565,731,9
2807957,1421,7
665245,589,26
3479353,4780,72
873521,2248,59
1398739,3468,399
4248306,814,13
1709861,18,0
4136288,213,5
1434401,2084,188
4939776,2861,38
3803127,2384,44
3895188,183,8
4170025,598,20
103181,7055,276
3248341,1465,49
1585420,4351,58
3973395,15782,926
2064458,2790,108
820597,16113,190
4352653,267,9
882707,12248,655
3381028,66,1
4604594,14962,169
5037641,2171,15
4082111,2117,56
30676,1610,23
425327,216,0
1292812,6123,97
2719067,3817,312
2887364,1456,15
314328,706,23
1084665,2299,134
2214984,9079,723
4733463,21561,156
1546352,9783,181
4374048,8259,526
180183,6953,76
2585015,3551,172
2690374,4453,240
3427441,746,17
2064614,780,12
1265208,1171,38
2453525,12887,120
3132147,531,62
3034658,4143,126
3787157,7299,360
532507,13177,369
145519,4390,115
1986754,2746,72
5083778,48,3
4975993,978,38
880704,4804,220
1896006,1118,96
219625,345,20
3068858,4889,305
2970453,7630,248
55312,14945,996
667964,337,0
293630,221,12
2702039,932,59
1286537,12080,938
685742,1211,94
4722263,5074,317
4533810,104,6
13767,510,34
4357784,211,27
3735942,4601,410
2517181,930,57
3740075,3312,128
3570834,9653,301
3884119,4270,543
2720496,1003,45
5029362,4457,115
1988066,7850,118
3786139,2078,7
1860533,872,10
980025,2877,46
4656948,5703,191
2618630,461,12
1604026,1236,14
2807309,1550,7
4780027,1362,8
3358142,846,9
3610536,6685,91
4754273,867,3
598545,833,3
3220245,179,3
88462,2992,33
2763221,1515,4
2026832,21161,468
4473353,2961,17
3770700,1703,111
4172923,207,1
3044192,1270,42
3731995,8132,139
3169295,5395,75
888094,16832,474
1466687,3445,157
1889065,1013,29
374203,6097,246
4850194,5664,73
4499281,1210,27
1937007,2387,87
1248349,369,3
99507,4677,126
2019855,56,0
293909,125,0
4855372,1573,27
3242536,28,0
1019260,8104,847
3820684,1285,3
222559,3770,79
4502010,863,3
4352893,3117,244
2559185,413,20
4212069,3107,117
4106517,2018,170
1245220,3643,167
2972679,10753,1114
425574,4657,32
102610,332,4
2765736,3347,14
3010113,776,52
1696979,1567,74
153309,1207,84
722797,2599,26
2281156,5605,350
2672706,345,12
3206550,3703,93
2419332,5565,789
4942468,3386,207
2642752,3918,366
1860371,416,9
1482769,4435,139
2346077,2605,8
2783282,1822,180
3988258,4471,202
524991,60,1
2832871,423,18
749692,9965,43
1433774,3405,177
2825431,3819,181
3328511,17053,301
5068419,7046,64
3935940,14724,655
4113220,3107,211
1480207,3893,282
382910,8519,131
845370,1623,53
1261236,472,14
2571201,2306,26
703717,540,38
3141486,398,21
1406449,129,8
3741236,907,81
3053292,6888,441
1420205,18507,658
374584,17154,723
3236397,2848,233
928449,6726,245
70270,4625,62
1423654,3265,178
3425243,4720,282
2354818,21,3
3679635,466,26
1010656,13013,861
815311,12401,786
3445730,1350,68
2626154,8214,286
4924786,457,48
1345364,2796,187
2650391,4038,102
4802116,104,2
1521068,4567,171
2429775,5067,234
4874492,8225,256
4107781,4851,232
1315415,2181,122
2512193,4987,510
4980376,4094,190
3577268,538,12
2588049,2345,102
4245139,330,40
882098,461,37
4376524,1163,60
851937,1123,34
3483523,2137,47
3974031,1033,40
571820,3214,111
2865017,6232,462
4572192,2137,73
2263836,791,28
1718667,39,0
1754291,596,21
3802074,259,11
542908,26891,521
70583,40,1
2458438,96,10
3720155,802,20
2091359,8697,478
2210612,8564,211
1396829,2742,105
4883737,6703,133
5062853,5124,346
1958275,1388,397
4835206,2718,476
4321228,4086,401
3781390,3096,107
603655,2990,186
2421366,15838,68
4027003,9495,180
2586826,266,7
4345501,11960,286
4481410,3258,343
2740569,4517,356
757249,380,26
402682,244,12
4336046,3338,28
3193449,148,6
2565645,1819,7
1254635,351,22
342575,1180,24
2733586,5085,599
922825,770,51
1256778,739,95
4464320,7122,549
450756,4941,120
1652168,848,19
4835015,6906,379
3654951,236,1
271505,1723,61
1651662,757,33
471212,3175,38
5095125,6354,305
3026556,9961,90
1947578,3787,96
980785,3960,544
3576283,3209,76
4980533,11706,221
1993741,3606,416
214719,693,24
1431810,29093,887
1059665,1818,32
3483675,13103,827
3448250,11873,230
585178,1085,54
4668616,649,6
2495674,5149,55
622741,1609,140
4410687,2174,224
491223,6118,115
2551289,1540,88
720055,4799,231
4071732,6329,60
2288113,6734,386
4077585,5016,160
1672064,7255,320
4853595,9097,235
4779633,6536,675
3273619,3915,47
11120,1328,54
4981586,1176,46
972597,7146,188
445307,2683,109
2313162,824,0
1798340,5682,244
4390513,684,23
2627103,2839,247
1702898,2851,264
268040,5744,281
2121141,2016,58
5120683,6918,474
4156438,3154,185
1379027,2619,29
4278744,1783,34
858756,5495,450
3389104,1520,22
466400,13408,917
3012102,3795,156
809709,4513,96
2839395,2771,99
2606924,596,84
4963777,742,3
4970240,2479,76
88511,3287,71
4304606,1633,14
1829350,1119,13
431060,558,11
1481335,7063,28
1510443,1101,1
2710853,3818,355
3745980,3051,242
4300418,479,5
2643858,2065,41
3358615,2268,7
2134583,221,4
3029606,391,11
796856,28886,1163
3451327,989,18
1264985,693,38
4715650,20476,1120
4393424,12254,98
1984400,666,48
2578034,3129,143
4432419,453,19
4254099,1520,83
383530,20523,556
886304,307,42
105131,981,28
5101577,8511,261
4561988,4919,184
4177144,13081,108
1079326,1159,50
4783746,1616,283
764558,1163,146
1984197,4676,119
3562452,25,0
3947069,1952,55
52368,4379,78
529054,5892,199
3940193,5249,209
963661,5225,39
3742254,1029,21
1643094,6716,31
4372759,2022,30
184290,2308,8
3290084,2083,103
4149693,968,73
885811,829,48
972851,594,31
713731,2362,126
3901339,2870,169
907846,3937,39
3512409,4369,23
3461734,5600,477
1999982,934,37
2508333,2001,100
355362,1537,24
1312158,2234,88
1444181,389,56
3042050,3254,257
139590,6627,194
4362740,2685,215
3057385,1704,163
4139079,3644,79
4768477,1997,89
4435957,5527,287
2383838,14861,282
3435808,11923,1010
1431715,3483,119
5045878,270,7
445662,472,15
1610512,43,0
1953657,189,0
3160684,10946,321
4006644,6933,381
3617337,4821,254
1171434,9748,601
4701519,639,28
687827,530,40
1247724,1129,18
3879225,5596,448
221393,3351,150
74446,7288,207
2481784,1897,71
937407,3498,548
674009,2330,35
4222240,15800,656
1768869,2364,57
21059,10689,43
269606,3894,221
4804081,3772,84
3148589,1805,114
1674844,5234,168
1582197,11856,1050
2103141,1176,22
1547974,2315,4
2108531,4956,277
1840678,488,16
3856569,635,1
2455131,1224,39
2129196,2242,208
69607,8008,176
4132735,5094,242
2100750,2518,176
378205,1550,176
4483041,203,11
3572920,2612,156
466806,8599,75
1493787,1893,140
247810,2888,309
3313438,1753,159
759560,1517,60
1932760,175,5
2457421,5580,216
1442665,3152,125
2208169,7279,315
2640327,504,7
4260727,1689,99
133009,910,9
2480639,1639,50
294308,742,8
2287226,3406,94
5158474,2072,89
749585,183,23
168997,2011,200
2360985,4442,204
4202143,1524,88
3264973,510,24
1352609,1412,199
4854759,2107,362
3721625,1280,19
3739450,1774,35
3692944,800,53
108793,7903,166
1483857,991,2
2821862,237,0
4783904,882,32
5066426,7192,79
878493,360,3
1800355,251,2
2699338,535,46
652979,346,36
4833017,1423,46
1500130,2113,109
1631778,13565,415
3126591,2038,52
3674154,4168,92
4821295,1523,74
1635363,1282,46
151831,6097,169
2066743,8200,360
2747756,9203,45
3080141,1465,98
1414911,8233,408
702060,7127,133
1624041,1653,90
2148681,6582,94
5084833,2123,124
3693205,853,44
3327468,166,3
3541690,1445,89
1062391,1108,57
4455776,2616,236
2535661,1789,80
5016461,1116,30
3667321,7407,731
4813803,7785,262
4736710,3896,86
4176767,280,8
63813,5558,253
3648733,5927,644
4095810,28091,2171
3572783,807,68
138307,43,1
3958932,1223,17
1632647,1266,156
4653800,4982,130
456244,125,2
27522,3959,327
4046054,3074,253
643752,4998,332
1614257,1455,28
1519819,6561,382
3568839,3747,170
1208308,721,22
1087136,1438,11
3007355,4895,267
3839657,1122,16
3677569,663,27
1149385,2537,94
4397687,3239,65
4603741,66,0
3147850,3291,209
734809,2829,440
3027785,322,49
3011375,192,21
3754679,4188,187
432523,1462,181
2718441,748,26
5031298,1251,74
822242,1638,170
4850337,2600,5
2070908,128,16
651666,5888,356
1811343,3838,190
3790162,2665,159
964912,6536,404
2505953,2328,40
1053312,1951,26
1498547,558,7
1414043,6775,219
1891626,3482,135
4568967,1505,18
1929516,10140,308
3812513,1335,8
3049193,885,84
2678392,2931,23
2723232,2595,33
3717634,1619,34
1476223,513,28
1780349,2070,10
1665992,8538,9
475593,3908,35
106589,2678,235
3453935,134,3
1428744,2025,5
811456,397,4
2685357,10801,504
3025460,246,5
1819175,24226,188
4616007,532,2
3890915,1836,152
4164234,5157,601
2526041,1338,115
4830058,6555,267
2135940,269,4
1406426,7075,194
2521664,2542,269
3282595,863,13
4174407,2226,88
4544118,5157,399
2949136,2723,265
1297791,13191,91
2006795,603,14
1460136,1232,34
4019142,304,13
865432,56,2
2881031,1830,49
4099608,724,39
1821455,1299,110
3285641,1709,77
3793843,3379,54
3156448,13315,310
4062559,23784,1074
4581579,3565,242
387302,3650,94
87054,985,35
166326,1838,287
4036269,6188,37
331892,1354,109
1151115,6585,23
2409937,5264,246
4000233,1265,10
982221,3397,39
2577860,2327,8
3003972,1104,8
2842504,728,7
3893658,787,4
4645521,462,7
4207901,1253,53
2105685,1904,21
2611262,315,30
2946006,163,0
5099474,12802,570
3556745,405,24
202156,2032,8
481847,252,0
623614,1030,30
3611944,398,6
2115914,622,5
3989372,1458,41
1841930,888,17
3423253,309,25
4622605,5169,88
3467297,1552,26
4977497,2308,5
3841239,283,37
1086659,4020,1
3053182,3546,43
2584932,1302,233
4880845,2209,37
3606832,934,0
3609849,714,25
1440065,957,46
2462416,1918,18
734018,852,3
4222383,12671,274
4764531,613,21
2031969,2108,189
3933554,15704,631
2078551,6420,420
3070206,840,6
3989777,935,50
3273152,373,14
1413007,1617,47
1281603,3446,171
2698437,2682,190
3543230,187,4
3715529,10781,976
1106169,25,0
820364,5003,49
2313724,2478,80
4408422,2328,43
1489467,1121,114
1462965,2300,100
1471787,77,3
3635558,2787,118
352251,1687,42
1812605,4297,81
1824204,431,3
1848101,39,1
1323134,1042,10
685988,9132,1208
4052103,16,0
1360533,1051,30
4063057,496,16
1066674,997,125
4182213,2374,23
982081,8900,343
4205666,1239,99
955834,1588,38
3796606,2472,59
2665773,3646,78
4858656,10362,185
2533979,1044,52
2863982,505,18
2358229,1335,13
2372829,415,14
2937670,537,21
287137,336,4
1725572,2492,49
3369792,204,8
873298,1572,28
1239912,2545,88
3464658,1693,26
4456596,5295,207
4879255,2049,68
104462,1851,36
1058331,6104,108
3827944,1463,36
4296516,5870,77
545775,6613,134
4307317,8993,320
2862133,7241,74
3819363,5724,151
2062378,510,26
453243,2118,6
4947302,2282,67
3955430,651,3
2271249,2133,60
228360,4407,59
3986479,559,3
3028501,2811,139
4339963,1253,15
3206451,3553,387
2399798,811,22
994002,15137,225
257793,1077,756
1180629,9373,302
101979,504,20
2496932,5166,327
3113468,1551,45
1974051,4068,108
3771608,1560,32
1636703,313,2
677459,1197,124
3102658,893,45
745134,2748,10
529278,1067,62
1660019,1842,82
3130892,1569,124
4752329,33,1
3046547,391,17
4551297,8297,237
4695078,3629,132
899236,1227,40
2268637,4634,89
1909440,2594,101
3113126,1620,7
3204345,1420,72
76064,3320,118
2547494,8874,76
4258547,895,44
148169,2232,21
3289575,2099,119
1051222,613,8
892732,8,0
796075,2805,27
93002,3968,55
5046388,1592,65
2268678,769,2
814566,1501,7
3436852,6567,42
4122623,1649,36
196243,170,3
3426784,790,7
1447685,12649,260
1985331,1191,54
4924524,1475,56
1168596,9774,498
1783423,6573,566
486644,541,52
5067029,1471,80
1635619,2989,74
262541,1204,167
2555621,3994,219
3840905,3798,175
2370610,4995,188
4692440,19857,242
112445,2508,376
2131381,1073,3
1602933,1791,80
4279684,431,9
3432434,1932,90
2431602,3931,104
2855739,415,32
1080925,3777,79
1812506,308,10
2197032,5055,159
3825280,7594,174
4951903,738,22
2873526,261,32
4509039,2816,187
1247477,4,0
589765,225,8
4905428,175,33
1526654,439,20
2540361,1522,84
1711850,574,10
2559771,3589,35
4976066,5714,305
455943,1486,112
1176880,186,1
2814273,331,17
143013,272,14
3043292,2934,54
3776999,3420,295
4065839,5998,62
3621778,7318,176
216695,743,35
3093746,273,4
784897,1754,83
3577636,19413,902
79220,7503,310
1283080,501,27
5004245,2157,32
2714703,3168,34
5047710,281,1
3761180,1692,137
586496,3678,165
3230200,4885,308
3228699,10768,447
4811586,2946,89
1781370,429,17
257909,5326,520
2479831,2334,103
1946811,2268,67
1258041,1006,12
1955064,1009,37
2472174,1735,27
5045220,3108,207
3595690,18703,409
920038,6111,210
2360839,5414,233
4312015,924,46
3849096,3353,446
2756070,1177,45
2923390,2595,19
4026111,2525,15
3432251,383,5
294640,12,0
3342150,1508,12
4170829,12977,84
358773,9578,601
375240,3812,339
3054267,791,18
1555304,402,6
5048770,4882,625
1635426,1676,64
618085,244,18
222415,956,33
839167,584,43
3091480,10458,242
256001,1012,48
3369303,5815,46
1443292,3493,35
3963773,4266,71
1043963,706,3
761059,1952,183
2225310,2940,432
277383,4404,391
4160459,14623,325
1436375,454,4
1380020,1211,13
4090730,2276,50
3957883,5671,212
3937919,3659,16
3920794,2042,25
2917289,4497,59
3888030,3769,84
728641,5814,112
1148114,773,79
2925636,2766,466
1007732,2552,125
3083172,89,0
1620142,1819,21
1029306,538,83
2230040,1207,101
2407900,235,7
2100611,2826,401
514392,8224,174
552733,2785,190
1983014,2068,53
65720,10997,420
805879,4623,130
4735133,2306,135
73030,1008,71
2830440,1676,46
1870458,1306,88
3725578,338,1
2261645,902,56
101539,599,6
954435,2363,50
1528609,307,8
1072393,473,12
4562581,248,9
3450589,560,25
3701839,1693,26
3593720,439,4
3832689,1463,67
2689922,1438,95
2327095,2782,45
2363129,544,9
635704,779,22
1215367,2351,68
1973380,586,32
3430136,860,10
4135185,1687,41
4683311,4097,12
2183874,2265,56
5106609,1396,4
1617627,834,1
2115280,267,25
2627745,832,4
3213921,208,8
3030023,8302,124
164365,3005,56
4928051,817,63
2981856,7476,333
1448912,3719,145
4916460,389,31
2113224,4150,338
3834430,6019,15
37135,1218,40
502123,2192,105
378056,3500,245
2160208,4975,279
4986145,1241,73
355704,848,31
4205050,3377,44
2111279,4521,163
1178381,1717,19
2798696,3632,35
1089685,20522,930
1988611,3025,233
600175,8279,111
1326769,374,18
4956511,4040,348
3286162,2652,92
4847313,1299,100
2319611,8998,14
2370648,3665,107
3399342,342,33
4214301,1920,152
4104257,284,10
1173453,382,28
4865533,332,35
1799984,2299,95
322167,7002,162
4426917,1936,28
1922400,3078,191
4829449,1462,86
3410573,6971,317
1239603,2776,230
1556856,2656,81
4147847,2286,77
1768615,1805,28
3505582,4258,83
1195198,350,6
4649218,2348,36
2384854,2796,114
4032007,3190,18
4199627,1312,64
4515292,1341,7
2727862,5859,78
2218016,543,6
1639265,1098,18
4537973,10062,587
1622413,5846,69
568628,1301,83
4767457,403,57
1212101,659,36
1728108,887,85
3099154,308,6
4696539,850,49
1773435,1692,37
2038530,4039,75
3206951,3230,141
3148462,222,3
4982192,1363,115
4758695,2487,60
3045640,9423,326
4607596,1414,16
25849,347,3
3226383,3260,35
3826089,25312,215
4387999,873,0
2875366,9535,611
2410,724,15
171569,121,4
249261,3200,11
4312687,325,2
2201943,768,12
2429142,5060,474
2718588,2778,119
1415581,117,8
1149584,2004,294
1934059,435,17
4201517,2136,60
2652543,175,19
4527720,3714,213
699361,1651,127
1498957,1199,116
2849955,37,0
4461425,413,64
4255953,1750,153
1804279,425,26
4202726,428,9
1896675,2186,118
4834071,1000,24
3099552,1850,72
3409341,1029,55
588463,3539,460
46027,416,43
378466,4821,183
1171519,3980,62
3574025,22,5
592161,1922,79
3715096,2967,157
669762,4535,53
2923285,7,877
3697561,890,29
773545,11,0
3815870,1456,130
4715451,7555,131
3781701,36,0
4039014,1562,133
4161881,4934,60
172778,116,3
1013185,1098,13
3131525,453,1
2539470,2443,6
1229757,160,1
1356170,3707,163
1197761,203,4
665347,56,2
3978441,484,23
1063502,195,1
4608278,966,21
2896749,1149,35
4424259,396,5
3778757,230,9
3522370,300,4
2836123,4078,91
1169371,492,37
3806436,99,14
334161,815,63
1699768,1252,60
362750,2006,142
4596941,2449,293
4271180,300,28
755175,5408,139
201867,6488,226
1468632,1665,8
3000315,4668,169
4943103,4121,399
826250,2752,18
2970693,559,27
680827,750,45
923586,2235,79
3118407,1563,20
3225747,1808,122
856543,3051,74
1729922,4560,19
5036985,1827,54
201773,1454,7
974282,1371,57
1741711,6176,45
3046934,2571,29
3780203,2852,147
3366905,3276,0
385061,58,1
1643917,927,37
3397084,1464,95
184939,1767,14
1484280,2514,11
5027843,14,1
3122203,352,8
3184947,69,0
4578843,1782,44
943641,6730,30
823219,1252,10
1918447,945,100
2674209,271,3
1755663,2855,123
727648,673,19
3415753,2290,99
4303554,1343,5
285203,693,5
2578274,2083,22
4983640,7530,409
1756055,1143,44
811638,3426,15
4770150,490,5
133742,7143,90
2854798,1468,47
4970201,4481,46
1747827,1850,78
519791,4148,104
4965802,3173,21
2196643,1625,54
3092732,1020,48
140361,1400,135
3401539,628,26
1502931,1513,93
2371594,4197,416
762327,141,0
3893770,3243,29
3753279,1662,100
589018,4261,107
4896014,1677,55
2755933,596,52
5024947,1260,57
3461439,6687,385
2289814,4123,72
944342,1993,19
312333,26,0
4817379,4643,186
4766003,251,15
4901004,903,53
3631430,235,15
2961648,1578,40
4867407,526,37
4358072,1971,34
2024359,1275,30
3047024,2492,252
2255446,1466,26
1059450,143,11
1241067,3328,182
4870077,3598,76
4243653,1201,61
2628979,238,33
362151,5630,218
1037905,3413,27
5149726,1459,217
100795,208,6
722302,3012,32
4074218,673,37
1071810,67,0
3195398,214,1
1240688,3951,194
3913141,12872,547
1423815,1394,12
53656,205,2
2343554,386,5
4738143,211,5
2538099,2858,91
3011767,2691,122
4503217,1183,107
4205429,2300,40
1260343,1190,93
4036672,1129,43
12407,1378,7
4776549,4390,181
561067,2538,38
4605315,2124,16
1626142,1433,52
2302700,1454,43
4544743,2946,87
2816302,2591,43
3967525,5425,58
2243133,4707,82
1091638,72,1
1823759,259,3
108936,162,1
3647870,1012,37
294296,1980,43
2899665,347,7
4188413,303,0
2054486,71,1
561327,1570,75
2958024,1019,34
3291419,1562,49
2650009,433,22
89797,221,7
1869802,2497,33
5148857,1368,51
3420127,188,13
4659155,285,25
1900834,247,12
1082035,3358,182
3626061,1126,12
2271635,482,18
1209439,342,78
3901193,863,1170
3264733,1261,78
1670027,155,9
1649508,94,6
5131430,1046,96
4565729,5207,334
351048,4510,34
4062814,1285,5
4437368,3004,235
2116151,1126,3
437197,236,1
3755957,1174,9
1090746,248,7
3903234,903,51
2610791,834,68
579914,4249,57
979761,2717,121
7769,2323,95
555560,180,11
105137,1121,98
119613,1369,17
511680,1437,2
5047668,251,283
3177782,1840,128
3283188,3629,262
1443426,371,16
252646,216,15
2545868,682,68
861353,233,9
2323522,424,6
4723396,3152,80
4158422,1147,32
2271402,6666,137
4823567,520,67
2453230,442,14
1025906,234,25
3870839,5558,377
3807068,3095,250
3494149,846,10
4372382,1024,16
733013,1649,27
1998227,1493,123
4398560,1346,146
476519,1060,154
4940020,919,15
314028,2712,93
4220654,4282,534
127525,2287,86
1060525,261,31
3307148,2009,10
1055496,648,40
4964090,93,4
4258223,1331,14
479163,2160,79
2716202,259,12
4752941,935,75
2127597,689,32
1990766,303,15
2110377,1113,44
3300651,2933,56
4530743,4453,84
4764977,4125,94
3872498,353,14
3529432,48,3
140601,139,1
2381796,1129,2
1352442,51,6
4514910,91,6
4295724,1214,65
892254,1424,150
1739706,1749,107
2262643,50,3
4396417,3953,24
721015,535,2
1992942,1204,87
3627665,2152,20
1981598,595,3
3368773,672,26
1327405,1137,18
719442,3760,328
3554917,2957,205
4612468,2764,52
609791,1086,114
3258181,919,14
5117554,19,0
2036277,359,7
1736178,1110,87
1895940,1376,7
194104,2062,1140
711599,2071,28
1138276,213,3
2283708,759,18
2865652,1106,28
1720743,221,10
1143882,300,3
329040,4177,22
958821,839,99
4436725,56,2
1672287,1213,60
549014,1338,32
2080896,1516,10
3978995,341,2
939635,117,0
1278924,751,60
1330074,455,26
293545,5698,234
2052384,617,27
737405,817,60
2689976,1522,27
3666135,1931,203
2244899,199,4
2197799,1656,178
4389495,542,12
90791,11162,348
2240104,6812,212
848089,116,9
3147601,1947,66
1421085,280,10
1132465,1748,99
5086533,2130,159
2288919,375,18
1182766,131,3
3042127,1688,137
1492770,1566,51
4276422,1365,32
4332163,1098,42
436573,3581,52
2828436,5326,242
2228775,1420,33
1032185,3075,200
3542036,2480,37
2475942,6990,454
3385002,632,24
139734,1155,77
3174314,349,10
1400481,35,0
3165623,201,1
3279421,777,23
4174165,323,17
2950158,1441,164
3148538,1714,117
2954645,2879,104
230481,3193,267
4453488,93,1
2192512,1430,82
4270314,922,25
2004007,6325,263
2691737,3563,193
2836371,3993,39
3154173,2980,242
4256011,2160,102
3763517,7581,52
2774536,1556,55
656392,2366,120
4878483,1696,65
4042348,208,5
3626786,285,17
2495814,94,1
2931809,1524,37
2801229,2766,174
467461,2062,111
1486580,2287,169
4514070,924,59
4406355,335,3
2122530,2794,31
4485778,2550,73
104848,1893,151
201150,88,5
517474,204,1
3910741,944,24
1434020,1565,8
4439745,63,0
633394,3922,51
283109,6072,152
718211,522,30
3896013,292,23
1004392,2490,50
832330,897,43
3175480,2239,242
1397059,2797,116
4963121,672,7
1321841,342,38
717033,3094,78
5109297,2695,146
4603467,501,2
2237203,373,5
2484494,1708,56
2088964,1365,79
4566689,2057,1
1729588,2234,7
3344654,118,0
2910107,884,8
2673674,45,4
2580472,2251,15
4656779,7637,148
3712511,2586,53
921799,660,16
380055,1605,61
2345211,4520,145
1516361,826,12
3098561,37,1
4737339,2224,58
4883014,1371,97
2611406,1072,77
665090,4389,64
188263,543,18
2559494,1443,32
4167298,8468,1008
1827100,4567,180
2637064,1345,110
3224824,4449,62
5148696,3561,187
4483470,71,1
5008322,143,3
3342722,918,61
1128240,1194,42
1931469,1214,117
3028359,3016,173
3190175,4538,29
770683,1089,8
1581081,1452,5
3124169,1563,115
4360192,5054,372
850104,609,43
4730017,558,1
1604349,122,10
2027583,1790,69
2013864,2323,131
666497,2592,98
1301428,4467,102
1673834,61,5
731056,874,89
4557641,255,2
678005,2035,137
1174795,1123,96
2568036,1018,1
4107030,731,20
467470,228,12
3091719,293,6
1765179,231,12
3822090,975,130
4164898,918,17
188833,27,0
3681567,163,20
2985553,3741,90
2550403,663,48
1598774,2479,222
2208799,5071,46
4282985,3967,29
2125732,2628,3
999101,219,0
4233539,1158,20
489878,83,4
3852520,3138,95
1945301,1573,27
436979,1063,45
3139553,874,3
800190,4081,356
1313865,601,21
2573032,709,22
3211196,877,35
1583744,296,8
1916098,206,12
4356686,3219,27
1891872,2945,161
4765593,991,119
738823,601,18
228974,136,8
2647117,2407,66
1751144,338,1
3700191,917,33
2963788,152,0
394667,206,1
874007,4771,265
1952564,8402,236
2952458,10383,248
3555122,73,0
3783993,31,1
2018837,450,20
4374797,243,12
2912070,280,24
3544270,419,15
1589379,2848,73
3073794,2823,149
620869,993,82
587452,743,6
2413768,1597,98
255508,346,6
3903617,578,4
1331923,1074,54
1421972,2374,1505
341057,5884,38
3528744,1290,39
5015017,342,2
813818,1187,117
3521514,2032,309
2449664,2606,151
2155313,6465,174
3499323,747,60
2196159,293,0
467835,2365,22
2686648,324,24
2778219,5,0
2413296,3727,146
3587108,7066,115
4960901,599,27
1032578,88,1
2665617,63,2
4640795,186,6
1703519,58,0
2139021,335,27
4827299,3040,30
1236409,3012,72
883540,844,36
5106626,111,0
807963,3341,92
3528894,683,14
4783491,59,0
565751,959,28
464112,2600,85
4840206,1105,46
2942460,551,11
3166089,748,6
5148429,962,8
3413103,198,2
2664522,828,76
951089,70,1
2367548,607,6
4776096,494,68
246830,1032,30
4412497,479,14
685842,248,8
2575281,316,6
3985369,537,3
2988293,3180,113
2700588,607,60
2672589,1095,52
2914440,3358,341
3279507,2479,63
3194345,283,11
324339,186,17
4487257,278,0
3340284,72,8
3890552,282,2
2675329,461,0
3980838,2001,33
1457926,711,23
1529413,146,0
309088,427,1
565986,2092,49
4209709,485,23
360941,102,5
2974240,265,7
2796753,869,11
1716161,1423,41
3358347,739,10
4239038,3957,220
4952210,1962,80
4368309,48,4
3589833,3195,93
186756,130,8
1233959,190,3
3447865,1583,11
1370506,855,18
1236272,382,12
1834393,204,8
4718542,7283,103
3120318,181,3
843337,1647,12
1500885,1297,24
2189821,126,5
3515027,312,22
1936894,227,6
3792077,978,6
334210,1447,65
2869260,2501,256
1397281,1036,41
714624,21,1
4446527,2398,142
2529139,71,11
2783415,315,53
2769887,830,21
3733874,8204,78
3097358,1907,28
3443560,2851,39
4760331,694,7
3494943,843,77
2587827,37,2
877856,74,0
4128033,1432,7
1230484,1686,88
3818081,5669,47
2265659,326,7
2960717,5119,63
2169913,459,11
3596683,858,52
4093760,242,5
2515261,760,24
660942,433,6
2099400,1907,108
2747519,716,61
4801438,990,7
3889118,2912,5
3443691,7201,26
4065220,1272,82
4510514,336,1
414708,2808,333
3859384,1277,42
1882924,759,54
3812262,272,28
499665,1412,40
4316584,652,51
3732988,399,16
2839880,404,1
3506316,127,9
1048697,938,84
4074849,796,75
4411052,1812,4
1972463,843,58
74392,5,0
270397,2902,271
991317,931,137
276158,3057,245
4083704,1382,10
4793189,905,6
65099,2307,98
1171633,57,8
1019845,1056,62
654045,1065,183
3749027,2059,84
3092004,470,17
2668462,137,19
4414464,2901,81
2265930,669,71
3428464,91,4
2522303,1440,28
3130529,3519,46
1489094,1879,60
3816918,484,40
844212,2450,15
2787085,1437,7
1302259,3551,46
114333,3104,367
3497174,1641,14
3057225,4967,197
4148477,2945,119
2529055,753,26
1577687,3947,107
4493358,682,80
1252294,1009,67
2969269,4758,141
1274175,1143,48
1996243,1126,45
2505343,3196,114
4374989,349,1
671838,302,16
836490,195,6
1223790,1417,20
109040,6,0
4739351,4012,68
677862,2922,326
5161669,1078,155
3185664,191,28
2343750,2017,211
3847319,93,6
1203804,338,41
720513,1411,247
2118468,75,3
3147028,817,98
3962527,584,37
3848874,3444,122
3552091,171,2
1854481,2152,30
1721390,380,0
1406744,298,12
3896787,159,4
2602083,298,10
4949652,117,2
3440715,401,12
4875956,475,36
1769043,3008,233
4960437,3315,51
985237,1046,66
4706843,564,44
4534846,489,7
4740174,99,9
1507087,196,5
3313740,223,17
2447282,274,6
2769598,259,14
2787444,168,4
2001772,2820,45
4799973,150,3
1171922,248,1
4970836,591,21
137099,1348,41
1565736,1224,22
2880666,553,30
2844721,670,12
3229786,1453,14
2561082,1187,53
219991,76,1
336385,1236,84
4228623,2122,68
2285181,2139,7
5001131,153,0
1350517,298,2
926345,1464,46
5126058,1681,74
1633233,137,0
341247,771,21
2990986,415,7
3845884,789,17
4785750,505,15
3064006,216,0
2961228,351,0
3008396,1167,145
274483,2475,51
2664775,2368,50
2396030,243,3
3737607,246,19
4949807,1176,137
5135255,486,28
3184322,351,13
3103283,1645,138
3709037,2342,197
2358943,2477,29
4814715,271,2
268251,655,15
1858817,1868,74
3538575,804,57
2505579,945,24
4998889,218,5
2137141,913,69
3070861,455,28
4501214,310,4
1386176,565,20
3866121,1285,45
2155994,438,23
205968,3228,69
479837,2128,68
4615962,3105,142
1674316,2597,114
2797749,67,1
3123178,55,0
1575700,728,5
4017881,491,23
1885585,656,34
2097209,59,4
255176,227,6
4266291,926,38
1764424,1536,57
2575132,5617,14
1059480,134,5
663716,756,3
2559809,1279,138
3623484,127,3
1765052,257,2
2312797,4,0
2889709,121,2
4676959,105,2
1790188,60,0
4360464,959,27
2932488,168,2
4796256,130,1
1655632,6271,126
1539758,3101,11
3363059,1381,32
564928,1152,3
2854253,63,0
5146636,1064,7
1508998,1659,48
3433325,93,8
5005165,551,3
992573,112,1
1310508,730,15
589513,2715,10
963285,2233,118
2015942,1127,21
1013057,816,3
2958664,2294,229
4497044,2021,193
3105892,387,29
2530620,2682,66
588281,832,14
4436461,2084,292
1282448,56,3
4737118,44,1
2297311,2229,95
4911515,669,41
3765959,35,0
2655636,392,4
662603,3642,48
2172093,311,25
3448205,2427,225
4064281,1376,13
3588816,690,27
1602288,624,1
4824517,539,31
3622542,926,2
2934788,383,21
3387556,128,13
2790057,180,6
1098042,405,19
3405515,826,45
4007123,2256,135
3971478,252,15
2825463,10,0
970588,374,21
479797,216,9
3260723,288,14
1548548,3348,44
4311343,1649,68
1641818,2323,38
5083254,2547,146
4820445,131,7
2176263,6712,106
142059,196,7
4403323,1261,94
2902064,497,12
3211701,1110,52
4307960,509,38
1608693,406,14
2864132,386,17
1792163,326,21
1016910,245,6
904807,483,1
1906629,168,0
2492705,467,4
4482155,853,15
1835558,101,4
1155625,564,67
1340836,1650,102
1518771,501,15
2352087,1248,72
2801637,913,25
2506581,557,3
352399,582,74
4760804,1069,64
4127459,3430,224
4323655,1628,46
4225430,370,9
1046845,348,38
4535278,1332,13
4864746,473,21
3272095,297,6
3912944,264,11
3998373,575,21
3713246,442,13
3772122,1049,104
4870877,1312,58
2851989,2894,100
2469855,1074,31
4135606,100,2
3153380,748,28
3131155,339,18
4096857,95,2
999348,235,17
1357611,318,12
2555879,60,6
1537669,1853,179
1962983,1085,44
2082734,5484,51
2806798,1656,62
4921353,3923,172
1023512,5,0
207891,349,44
3550349,1169,30
1955349,1760,135
2649129,790,34
3964146,760,22
3247211,960,36
2185551,1394,47
1928128,237,0
2988043,1438,55
3743261,83,5
1314876,3273,77
3373476,387,37
725994,199,5
4892060,3942,225
90326,532,74
1793551,193,23
2588397,64,4
1032791,2128,46
2216425,48,2
3879687,5,1
1272549,1602,95
2884555,1012,64
1559253,236,17
4645906,3877,177
2013622,1460,41
571588,518,26
4346430,4,0
2442087,261,7
36722,155,7
2578096,184,14
4632342,5291,178
4358542,1197,25
3882202,900,109
1637260,3538,359
1391236,1777,29
3031312,1528,9
4683561,1935,108
3980291,897,49
887563,295,5
3707269,45,1
4911196,1470,2
5108490,400,20
1280595,95,2
354256,352,9
4380386,1244,40
2307791,876,31
646234,905,35
3835786,544,0
2433733,5926,23
3014132,1283,80
1597658,1176,4
3574673,921,18
4882904,253,20
1992078,3073,95
1418582,3279,228
3434878,102,21
2379229,840,5
3021605,1391,31
4624272,2431,121
2062335,1190,97
1426835,823,9
1393394,420,3
1911903,195,38
2759887,1470,89
3545363,331,5
5156420,1796,26
1130080,1333,8
2312170,195,7
3120942,261,4
1838064,399,5
504559,364,19
4517520,125,0
2232382,639,22
4971646,364,23
3281371,916,77
1021251,883,25
1823789,132,3
4963533,57,4
1003726,1354,3
835752,16,1
994464,1927,93
3315940,862,74
4056651,1559,68
2056438,970,30
2128694,1478,29
2444955,490,1
960298,2493,67
2095707,627,32
589207,137,15
1726863,957,18
3218826,238,6
2122129,456,2
176556,1496,43
2482357,1019,25
4449875,20,0
1904657,1182,165
4802503,90,0
4183651,101,0
2483206,2024,139
4903093,1206,69
3783852,2019,69
1986596,752,35
4166300,158,0
3295699,199,24
499049,4236,86
5015375,1721,227
3511975,1134,33
4762296,309,0
2393050,317,12
3510379,414,16
2177033,782,75
2776831,1210,18
4227487,3002,120
3016461,270,34
3258823,1121,42
396247,17,0
3253709,1300,44
377676,1086,31
4597130,1485,46
3881189,17,4
2773419,566,24
1521024,318,7
2565857,2883,43
4680195,1130,35
83079,523,12
3309643,473,20
2977477,97,10
4924053,1422,142
2899021,60,2
2446427,378,50
3467061,766,31
1946069,2862,62
1710799,660,17
2625401,303,16
2238843,2396,94
2729310,8,0
2974419,1180,32
1959284,1773,11
507291,475,11
3504528,3,0
2316669,791,5
3710622,363,3
1167279,901,34
1701543,435,3
1613385,1043,3
3630197,1431,41
907178,73,8
3942794,41,3
434180,721,28
393580,508,37
2268983,83,3
3505338,3842,143
1461957,776,22
4284910,1181,12
2829779,1480,22
2471992,1537,19
2063273,357,5
3757435,4695,179
2192313,187,0
1936090,1267,3
4141851,1413,6
1516260,146,73
963518,2,0
1677989,442,29
2823232,162,17
814178,792,101
1124123,392,12
428513,635,10
3981531,2537,176
4953826,1115,112
4489615,457,22
5066282,125,1
914224,128,7
4994388,4924,60
2620396,1040,4
2920833,642,14
1965458,236,4
4055505,2384,18
1565799,715,0
4526457,579,22
3554178,52,0
1425624,483,4
1175096,444,31
1751679,304,43
1782900,163,6
2687903,850,14
2575059,2884,13
1219760,644,31
2524663,151,5
1712657,881,87
5055329,687,8
3254436,249,21
1030192,1352,1348
2388400,1867,141
4410579,1309,67
3883457,1185,96
1879828,287,27
5109144,337,35
2202625,582,8
3575962,1562,113
4356440,2468,291
4185664,2410,225
5039255,130,4
3231230,317,21
5038872,151,16
1098175,439,34
1751320,110,0
275937,440,32
1561839,548,1
3739206,4243,186
1771708,687,26
4402326,6203,156
3544478,168,22
1113144,85,3
2179307,1991,7
1079916,10,1
4060157,219,21
3979081,978,54
3488278,703,78
2044304,4460,405
4015341,117,6
738670,2274,131
1026155,324,38
1730162,1765,6
3142076,1119,32
973389,2390,28
1236470,161,0
2677611,1512,104
837488,644,28
2051267,1308,112
3820436,653,17
2128214,994,54
3874715,156,0
865919,1223,16
2053851,829,5
4315183,926,46
2083571,572,4
318811,88,0
343112,558,10
3562099,18,0
4301074,540,4
1001152,7,0
2257565,126,4
305551,484,1
830235,261,10
2044695,654,29
1123103,90,2
2842761,92,1
2012131,3429,28
4220950,931,26
4934549,908,50
2682858,159,5
3982609,2237,18
1073472,968,63
3609110,281,8
171128,3036,206
1225824,260,26
4924285,1440,49
2415413,1704,131
334831,2663,192
1893541,3083,134
4921728,1293,108
4971055,1093,52
3448504,1577,41
2671549,385,27
4595580,1643,33
4702145,120,2
4325718,52,3
647740,1207,88
2465573,539,32
3832749,4432,153
1542889,346,14
2771528,16,0
2512968,2965,88
3042444,4855,56
1876707,3339,110
1462051,5879,289
2460565,387,210
3229336,340,89
3661575,1117,81
1913428,257,14
291354,293,19
2854994,1126,61
4617666,98,5
4936155,886,124
391823,161,11
3508256,516,34
1485156,3086,272
2682627,879,26
300463,383,8
3099096,99,2
4280793,1906,71
3172967,912,21
3902978,41,2
4832262,100,4
4349907,1569,51
3208580,82,5
2859442,780,13
3706262,541,65
4604737,356,13
388626,171,2
433130,375,13
1133273,638,68
4484303,206,8
3340592,506,31
1524470,1513,38
5105125,454,5
1673948,1295,94
2889935,210,9
1536770,1498,25
1735933,345,11
305253,1382,106
4909025,1245,48
655334,134,3
4671427,1566,25
3745602,637,42
3267288,740,74
3619237,643,73
896501,235,0
2783548,138,2
1732985,181,0
3923569,1904,51
2669578,1721,40
5035745,706,4
4274907,650,105
3079748,12,2
4017084,1077,72
3621053,72,9
41527,821,45
2553257,189,18
2245265,1788,30
4669008,613,10
3242912,385,10
4311126,151,4
2585604,309,11
3082644,68,1
1373028,355,18
795297,365,7
1328592,183,6
764716,359,9
4990074,148,12
937184,628,14
482940,734,8
3697658,1341,124
629854,603,37
2643222,1243,21
4488210,841,0
1043312,1901,77
845239,230,34
4149628,492,7
4405074,97,7
3512820,371,3
3109662,857,26
1533477,122,1
493676,1015,19
1350540,1105,19
1158078,311,1
3729801,899,37
3334995,1360,21
2267553,429,3
1180493,428,9
3592798,1171,110
3282340,1707,103
2431277,31,2
4729642,24,0
3336289,2624,74
278173,939,17
2447947,714,52
98863,173,1
3816510,501,7
1653688,740,0
3262735,412,9
420877,1554,12
1725877,778,2
3091219,1037,33
1234577,471,0
1602084,87,13
2072020,250,17
3593794,763,34
1149556,222,17
918999,476,35
337775,2369,111
1094282,359,22
3075153,535,35
2275650,625,54
5079208,89,1
8109,390,29
1494023,643,34
2376274,100,2
1161981,6133,21
2871611,102,0
1144346,108,2
2161504,4743,96
1899335,1141,34
2729862,866,84
1997869,2086,19
4693580,454,18
3751653,97,0
413656,1997,18
1065421,1370,21
2592038,2473,94
647611,935,19
1617852,60,0
1680882,570,27
4774660,2153,45
3940352,2095,140
5030407,1679,233
1234361,690,22
3747517,2804,178
2187532,768,51
1422404,362,7
3074739,354,31
2533022,157,8
1654824,1960,42
1299473,1084,39
1619893,704,9
2051499,772,19
3208818,279,7
3934761,1893,24
4701147,1118,62
820727,1962,185
3473739,640,14
1588377,206,10
1298735,1190,10
372289,1064,31
4462274,2429,156
122524,884,12
387633,1681,118
2533566,416,18
910741,65,39
1960523,809,36
3558035,1556,42
451092,3014,125
5133252,363,8
4149925,643,4
4568352,1631,2
4245823,611,19
3514742,477,10
4694009,457,0
1842203,200,2
771062,1264,19
2881914,335,5
280472,398,21
482114,978,53
1363301,1259,27
3491350,312,34
878325,4882,200
4781861,1305,47
4427946,306,6
3465027,168,7
1965689,777,20
841304,154,4
2894212,283,38
3956037,194,11
3374582,23,2
5025773,651,7
1046690,118,3
3298620,300,20
3987097,970,34
5130965,126,4
754825,461,5
389948,537,22
1393144,234,29
69317,322,15
2939036,144,8
3333535,115,1
4986498,53,1
2432451,1073,75
272572,80,2
371308,63,0
1895342,181,17
4263693,666,38
246584,687,14
3117823,356,43
2221025,2897,83
930695,60,0
3851390,249,6
1405724,270,12
182358,4074,331
4796716,177,14
2609208,706,108
4260877,1609,56
1422133,173,7
3395587,2008,186
3195996,107,6
4145710,134,0
2802293,452,6
990111,1132,2
3138353,4375,147
4286417,651,35
3703129,701,43
75275,537,8
3882401,896,89
3148847,90,7
2935574,5762,165
3138002,1294,52
1794065,1278,88
5032953,197,3
4649616,41,1
4187784,1059,46
516813,1359,42
4327791,710,56
364125,999,40
1694317,298,18
1089105,864,12
577442,639,15
542417,762,4
633295,1048,54
2880519,286,7
3412811,562,30
199300,240,9
1125802,256,15
2964467,997,0
3920939,355,10
642764,202,11
4187767,405,9
1952350,185,3
311509,2058,184
823629,630,21
1481346,163,14
4251754,71,1
422656,359,69
3304099,467,21
3882159,1008,50
280333,714,7
2534744,1380,47
4495546,147,4
1593276,210,4
5078340,1013,20
4612213,2054,157
5138000,800,24
4826774,603,0
1368186,2567,183
1383956,1053,114
2336370,329,91
2319794,771,36
1674186,657,46
2553299,1655,66
443490,1070,54
3808001,925,18
3099787,3249,74
3754527,1932,118
1206266,1349,7
2961571,411,15
1685432,630,50
2596518,1757,68
1363459,2802,136
1471680,407,31
461696,207,15
2709371,159,7
1135708,4615,96
2101300,28,0
5009745,2,0
585280,719,4
4038480,1058,47
3184079,1971,70
959702,1816,20
4911576,351,21
3398456,456,12
1200699,412,0
388942,856,47
3774354,92,8
825165,1989,61
3996607,599,12
1973742,201,3
3176262,612,19
858185,331,22
4775659,886,63
3139855,254,19
3191795,550,51
883306,885,105
2807166,502,17
4402976,108,1
1552636,468,21
4897866,701,19
5059368,1255,98
2677060,506,14
4642360,1527,4
1222799,2737,132
2243601,63,6
3008185,336,11
4091042,885,36
2519883,28,0
4152593,655,29
4357073,561,31
2791755,669,31
4291697,412,63
783366,587,8
2586887,607,34
3594090,905,65
1642508,147,17
1556634,285,2
229607,1883,70
1378332,1996,60
2253008,210,14
3006470,200,9
4652209,1030,78
893978,144,3
3547813,985,17
3972128,633,26
546023,2480,89
852546,1360,5
3090680,110,5
1289154,413,19
1390851,675,59
3618523,285,3
1112828,447,0
1396935,2307,5
4981015,691,4
2184853,95,1
191432,1418,7
4857685,201,1
2958888,195,1
2466824,862,48
4797379,1981,5
2081312,531,57
3222457,372,14
4814359,214,8
4379751,342,8
1280805,366,2
3573011,709,15
906276,715,11
4173539,1447,58
3014848,1189,23
4239953,442,2
416183,173,2
1372485,272,3
2183205,818,26
4023334,73,0
1922064,285,3
186515,331,14
1338176,956,25
586317,285,4
118577,864,8
172164,1243,25
3255355,2110,139
3580032,191,9
3362577,1309,42
3437401,1067,12
3013991,1728,63
4537544,151,7
1736513,146,1
646474,26,0
4564334,294,1
240303,3096,130
2209822,520,0
3791692,1370,67
3595399,99,6
4862987,65,0
32967,797,12
17710,525,11
4524254,231,11
308413,499,20
3185579,1001,15
3695506,662,28
5134471,592,61
4733883,1266,18
4333465,2295,106
3330819,564,12
4376427,657,20
841074,337,18
4208686,1379,15
515708,312,18
4704484,522,48
663387,526,35
306020,384,27
3500724,98,4
205899,454,16
1298222,1879,62
1683967,214,17
3646615,258,2
5055998,930,7
3976816,652,12
878813,931,36
680438,871,97
1490433,326,21
5103002,8452,51
750742,14,2
2147829,923,60
3028146,520,9
2065526,432,16
774140,224,1
4885787,232,16
1925578,1869,78
4092319,1393,78
1912148,895,45
3736158,1559,38
4837990,61,5
4021638,2280,74
1965698,959,20
4269526,317,50
3077522,150,12
3354040,784,5
2993053,176,27
4876258,1422,20
3343329,112,1
3905335,1409,3
2904271,86,4
4394186,31,1
3657643,7,0
2019624,1057,69
4782834,350,29
3654847,548,0
66556,155,10
3487744,433,10
4880100,11,0
1126754,48,0
376837,601,21
4216317,1370,92
2362330,20,0
2852103,3,0
4734633,266,2
2082784,66,1
5140004,996,3
3809593,710,27
3971609,102,0
338881,221,6
3274325,687,30
1279737,1301,58
1120963,224,6
430834,1019,31
3937814,1915,176
379863,63,2
756477,336,19
3842246,139,0
1450058,171,8
2670117,800,59
3278662,79,6
2599058,15,0
4421944,89,7
2788167,333,12
4570434,594,2
5086773,81,2
3756425,259,14
1759436,420,68
3051006,750,30
4925852,109,0
4084685,19,1
254470,30,0
3890016,906,5
2540745,1039,41
150092,1097,18
965238,83,3
4094201,179,15
1259087,54,1
1075533,3352,202
4276479,929,35
2731517,74,1
3157873,291,0
3835102,185,1
1216180,485,65
2799848,427,5
681850,1035,17
2678652,300,1
4756346,585,14
2687765,590,1
3272055,254,10
1812024,297,1
5138762,917,4
2408283,420,12
2200766,645,17
3009451,350,0
2021104,441,8
4661468,1362,77
758773,338,6
2340871,564,14
235118,297,22
1265863,511,12
4776923,59,0
3105682,68,0
2546494,167,6
984003,214,23
1483024,265,1
1467314,1743,32
4791913,1321,42
4135739,104,0
4732548,353,2
2233787,642,15
2700376,762,10
4135404,2402,23
4610961,1038,6
2257426,1903,23
1997475,1101,12
930394,1162,75
2530237,178,1
3785061,114,3
4643925,310,4
2588445,287,5
3186000,92,1
2192649,1241,126
3840501,4,0
462791,2137,175
4290971,575,12
2270623,318,27
4312292,545,15
4473295,956,52
294562,1149,137
4567369,711,20
4529006,113,4
306342,56,1
2435277,136,0
1616401,19,0
2789542,48,1
95456,241,11
330260,1750,61
3229566,261,5
748392,566,13
3205278,133,0
2992045,1157,7
4117544,152,4
1957404,41,6
1687159,474,32
4977533,287,6
653715,45,1
1136219,959,46
2200638,404,17
2436491,1681,63
1572153,173,0
4385918,1714,70
529907,264,22
1542241,1389,87
1472127,611,17
1718072,181,4
1539328,37,0
3812995,141,2
538518,339,2
3287694,736,8
1106870,665,22
926985,838,23
2681596,15,0
1423435,17,0
3437860,198,10
4933257,305,6
4075346,86,4
838020,307,5
4964623,256,11
4886389,460,4
281302,471,22
2728656,1801,76
4273374,477,15
3750515,147,2
3427691,367,7
613491,263,11
2611027,232,7
537820,1516,9
306490,618,3
5023473,638,3
490909,179,14
3258234,239,17
3965224,99,6
4960046,2692,65
4517665,227,13
4785435,97,2
2439117,103,0
4245405,127,15
1448274,82,0
1702673,417,56
621786,972,40
4024676,260,24
4979785,16,0
838388,117,2
1740555,156,1
4631356,1490,29
2630209,127,4
2819811,243,152
2595375,189,0
44158,937,9
3919762,334,3
1260607,566,5
4454958,89,6
4946287,42,4
4386897,4,2
4266879,707,17
468291,328,6
4499142,79,2
3603295,35,5
627715,1202,58
1104822,923,28
2145168,1173,34
465980,1168,18
2084864,1164,18
1610367,192,0
3227115,289,1
3061895,99,6
746548,633,86
3487909,122,8
4102207,64,8
4481193,1331,28
4215937,1907,124
1009667,544,32
1825660,30,3
2517448,303,35
916706,631,16
454621,40,0
513013,1525,41
1254305,1027,15
2992415,493,29
2787897,678,24
2650255,454,15
262123,147,4
4685965,32,9
928334,363,5
3880080,539,8
1729145,39,0
4904667,240,3
599327,477,11
1830489,222,3
1816096,3,0
4695478,2194,65
3922526,1603,207
1901895,265,24
3854606,727,9
593235,1333,70
3021762,665,55
2116789,1383,49
3312216,394,1
3326223,496,57
3805690,115,2
3850855,1333,12
1846853,41,0
4992952,452,76
2357594,533,25
1865211,327,15
3634167,593,3
962175,20,0
2049210,283,17
3191144,76,3
2018601,186,8
3521143,25,2
4538224,66,0
1173600,98,6
1504264,351,16
1579789,3624,23
2695277,603,14
3118515,51,1
72090,79,0
2916918,1015,38
1547412,628,79
442567,1062,5
2924780,857,40
3624267,546,23
2584074,685,2
2581843,1087,43
1995600,901,49
3289012,1046,41
2638664,1646,24
4365427,168,1
3620998,678,50
142492,1526,19
4976839,1468,8
2746972,1762,7
4370954,1366,85
3751309,941,27
920269,63,2
4689003,177,3
3041259,917,27
572644,508,24
5119295,425,20
2099849,188,0
5085490,273,4
4943214,210,1
1824155,93,3
4014446,911,36
4009606,85,2
409878,1415,55
3460047,984,33
3422966,31,4
2138566,119,8
2080214,39,3
1349294,31,0
1447294,1704,65
1582751,264,2
3225422,185,5
217383,244,8
1382333,95,13
4290223,48,0
4159811,1794,125
702162,340,2
4814620,1204,66
4809874,1093,17
2626490,1730,203
2477357,1104,24
1465060,206,18
48178,1826,21
556840,11,2
2843368,198,5
219531,1723,83
222819,154,11
810054,69,1
2040765,1176,15
3381217,251,9
1692250,268,38
1341913,566,26
4337219,701,40
3427587,528,37
300699,854,70
117196,162,16
808429,272,14
3115091,83,6
3794880,1110,39
3707926,114,0
145365,794,8
2285980,580,1
4495588,562,36
4513366,394,42
849098,155,2
4631177,407,4
5093750,112,7
5073012,109,4
4478620,3144,131
3284512,355,1
1865209,160,17
1432828,605,12
4373592,60,6
12816,1397,33
1469622,1063,120
4444671,269,32
5155355,217,28
3778921,413,28
4573973,536,42
3386305,335,2
3970251,368,5
3244175,1153,81
1628030,2115,137
1417724,230,5
302746,102,5
1881274,587,33
2602866,178,8
4635122,598,14
3896430,289,0
4852691,134,6
292885,971,30
2982166,341,0
1851019,512,29
13437,35,0
3814171,1122,109
4074845,392,2
3266686,397,31
4119259,265,6
4294067,26,0
4057257,67,0
1536363,441,47
1008611,646,6
34885,1210,17
4638601,1288,18
817164,1792,399
4694794,374,42
4208548,74,1
4428208,102,4
2587213,621,6
2248015,395,8
1347228,746,16
5097436,1546,155
4017197,1238,39
4324700,33,0
3244547,711,13
2684806,824,73
543590,858,38
3769292,695,40
807278,236,22
4784593,587,10
4560542,390,7
32318,143,3
3068234,485,32
876499,810,29
333295,160,4
3647233,841,55
605687,187,2
969923,41,1
2986368,1378,42
3606606,702,32
3417047,105,8
4845528,176,7
3150455,382,3
578784,554,48
647486,220,9
4985275,88,4
2695829,99,1
1952752,229,9
3915471,83,2
2772178,819,19
1179862,201,3
880866,96,2
392182,582,20
2657719,68,1
24976,1156,58
1168771,1764,23
887729,309,17
3230581,185,7
4143151,1297,5
776529,155,0
1987882,582,61
304205,870,27
3150851,773,17
2766997,40,0
106801,19,0
4313485,110,14
3665133,178,9
863892,1485,5
731293,333,7
5052904,389,2
2070466,142,6
4234389,2542,70
3759373,11,1
1494177,370,11
3483380,685,9
189057,335,21
4595135,184,7
311650,697,16
801765,349,14
3245753,401,79
3419992,341,21
1334990,79,2
2399507,56,1
3394189,56,2
2692029,395,3
753591,209,4
1602447,405,11
1681556,13,0
4592018,1748,14
2665393,345,37
1016971,74,3
436743,59,0
2183500,42,1
2647760,778,86
4176158,993,11
3854855,524,13
5116633,325,22
2097345,510,9
5096198,255,14
1745061,152,0
576099,1208,30
1690224,71,1
1816843,986,80
3487664,912,6
206668,100,5
1838851,595,56
3006755,373,1
1297167,114,0
718452,115,3
5148597,306,8
2381571,418,5
3273035,1283,13
1160694,128,1
4445129,182,2
2055312,799,34
5150376,21,1
1320183,280,6
1617568,11,0
3960642,10,1
128749,1312,29
4542743,209,3
830622,456,26
864277,469,42
3104986,62,1
1978442,1232,51
1124842,204,7
729017,154,5
4024494,329,4
1566469,1326,58
1983413,818,18
2751159,236,8
4263090,948,43
1107116,420,20
2355325,30,0
1594549,307,10
2399425,303,22
3013389,163,6
3734231,271,9
2408538,130,0
3645611,702,20
2464993,920,118
1255142,517,31
2374634,757,23
2989621,366,16
4100802,96,5
4933498,40,10
3913749,472,8
3551706,185,6
2768009,345,7
4504967,544,10
2168391,1069,50
2188673,129,15
4633856,505,105
897580,778,36
2494401,348,16
2737740,589,42
757182,240,18
2034212,167,4
3645620,309,17
1455555,1222,31
1791614,29,2
3516880,94,0
286720,128,13
3064839,247,8
2990975,509,28
2573693,336,1
3301712,80,0
2206684,256,4
992700,1194,107
1535500,725,28
4294512,213,7
2486102,139,7
921298,228,11
4883976,259,33
1312387,107,15
1467164,492,35
3891796,148,17
5038268,17,1
4907,576,26
1112773,648,44
586060,59,0
5155437,70,3
3440243,647,42
3139028,94,3
2535902,129,6
2295453,519,35
2814657,101,0
3294880,286,16
4293232,300,24
71699,84,2
777142,897,11
1396294,961,24
874340,291,3
3586920,359,7
3388209,397,5
602012,1172,164
1186260,937,75
4801635,436,3
3766786,39,0
1900206,4,0
3084091,531,38
119869,413,14
2379547,505,10
2530793,815,23
3774119,616,34
1679843,37,0
2516799,440,25
2267067,151,1
4979919,346,10
815995,47,7
2113028,857,42
1645406,79,1
4327533,780,4
2769654,457,32
2817286,866,44
5105973,217,5
3579,92,12
2011389,351,5
1775449,168,6
4332472,1318,34
4213030,3105,245
1315884,308,7
2319813,113,2
4105075,65,0
1646378,302,29
3733757,327,6
153544,418,7
1442032,52,0
1316663,152,17
4574216,264,2
169865,2070,77
3038780,37,1
4575207,330,8
145388,472,27
2495000,425,24
1868513,167,29
1873617,146,9
569663,287,37
3105438,688,56
2927057,999,51
1822328,612,20
1512778,176,12
4719371,251,0
2033647,208,13
2362468,268,21
4632427,144,9
1263068,756,8
3314621,527,25
2899233,728,39
4857065,99,5
3709974,15,0
2370826,23,0
1803510,1009,122
2244246,335,46
1605765,385,27
2642595,52,1
2382826,209,13
295601,83,0
4118218,258,8
2674605,612,48
3605124,160,7
3494977,762,14
3608615,106,7
2011022,187,1
1337019,225,5
2211860,366,41
4741040,137,2
752128,1708,90
4646689,289,7
1719660,554,37
4755134,650,18
1415468,141,3
1096739,252,18
4606579,163,0
3045016,245,32
481060,101,2
4923243,108,0
5099341,426,7
4045204,1412,68
579836,423,61
1506691,770,32
1140902,362,17
1264908,200,4
1194451,1459,88
1781074,279,25
60559,6,61
409502,357,17
4465128,232,0
2773504,170,3
4425906,92,0
4114198,120,1
1301655,45,0
1566203,354,18
2918955,1106,36
3066561,83,0
1375758,25,2
825827,320,18
4768875,308,3
4285475,3756,12
4183035,26,0
4328342,1024,64
2277896,486,4
3945026,112,1
4407385,836,21
2993461,2249,28
2715353,21,22
3895144,163,7
4549641,191,3
1618188,369,11
4427154,244,8
2923068,869,73
4684627,644,20
599382,491,91
2454596,133,2
102917,121,22
4256143,259,31
2860524,119,3
4768161,145,10
4378750,1276,87
211402,382,25
2126952,496,15
1236638,484,0
3503604,888,60
4386059,649,39
4452758,180,6
1706459,278,15
3349551,4,1
2133527,349,20
2746662,300,10
3103948,276,6
1106292,1343,100
4563462,86,2
4441600,2,0
3654874,272,1
4809328,191,6
1355400,156,6
3563119,122,10
3952507,55,0
4197122,1255,65
578336,605,29
4972311,130,1
801865,662,7
4330146,198,4
878868,105,5
1703906,723,60
3862752,10,0
372033,430,19
2677371,657,64
484957,615,17
1736124,79,0
1388497,397,10
2456212,327,18
3003561,304,33
1666488,1151,25
1692521,101,11
3857308,275,3
1833378,755,43
17307,334,20
2280400,374,4
2354680,62,13
4943787,15,0
4577044,286,23
4399491,519,11
2526614,180,0
1303652,718,64
1769265,52,0
827837,456,21
3752350,296,4
3593058,135,1
3626221,225,9
4214565,32,22
3010881,783,58
1007591,339,27
687307,265,0
294080,323,1
315794,1092,102
224739,1323,32
844760,834,19
298586,946,9
1038897,290,6
3774999,573,7
624129,260,3
673323,256,4
3111341,942,16
3247421,441,11
455059,78,6
4107373,562,24
1856976,94,8
1485805,862,43
2100690,351,10
2761222,354,13
3707414,292,6
2278533,142,9
733088,79,8
336038,262,24
1701471,697,77
4656341,74,5
4369584,1023,26
3876943,174,1
2567555,221,7
3731413,301,23
3953096,185,25
9874,427,33
1262813,88,7
850941,558,22
1076837,850,8
1014192,638,2
4372804,102,4
1302909,1085,19
1294747,184,18
203821,268,4
3140218,118,14
3803527,440,0
1040844,59,0
3335403,257,7
796715,250,13
1263562,238,14
2711467,756,2
4400913,332,27
4486005,862,99
182482,363,17
1776686,118,0
7240,145,8
4233672,179,20
4739787,78,0
2190267,159,3
3355708,175,1
4477045,338,12
360595,526,2
3873465,260,18
4132179,562,23
3787408,20,2
1793313,356,10
1088738,706,81
2042003,284,18
390188,262,11
4670159,467,7
5040630,193,2
4201401,608,6
2867927,2044,18
1023232,383,2
1870250,113,4
4705138,197,7
97554,308,13
914015,31,2
4380796,145,10
3909218,15,0
3550934,12,0
860408,7,0
4297603,169,5
2333843,116,1
4281917,76,12
1026399,46,2
1691915,383,36
3394813,410,27
4917079,505,7
4820683,143,14
1092085,94,9
2815319,117,13
3589580,86,1
3906242,312,30
1935459,20,3
2175108,145,4
2229246,948,17
4490845,202,16
2071415,116,2
2165787,240,11
4001250,10,1
3389266,645,18
4128290,17,0
4326577,393,7
2153943,281,9
1970552,83,7
4786595,395,23
3331421,73,2
2265700,254,5
4403830,264,18
183265,42,0
5099881,649,17
1430205,241,1
4522646,249,40
328500,750,51
414935,624,8
4269511,509,40
1763836,181,0
157420,254,6
1496858,38,4
1193591,123,5
716840,15,0
888406,250,3
598399,35,1
398060,264,29
3459146,760,13
2229642,121,21
77546,20,2
3317851,223,14
4425678,1331,29
3959269,736,8
2147505,275,12
5117234,176,0
2374858,123,4
1326100,308,0
604527,93,4
2794883,24,0
2028693,188,4
5037383,150,6
2760276,212,0
1490271,106,4
296813,240,0
4066565,431,18
4995313,171,6
2431497,706,65
357197,1305,35
584401,186,2
2005676,46,68
2692253,1795,20
4554195,111,7
1459642,200,21
536027,41,2
3595500,256,11
1489714,15,0
2527525,53,0
3908625,11,0
3964371,113,4
1828179,40,0
833103,82,4
2813803,141,4
2287753,352,1
2867703,582,27
693142,217,11
2343140,441,2
3781293,470,11
4750383,67,3
2749188,78,4
3515249,122,2
826700,80,16
1019195,169,4
1144819,852,1
3421157,14,0
1122547,464,4
4753899,65,1
2255371,645,12
4503969,88,8
4892220,103,6
588668,158,2
4877868,166,4
4511140,748,34
5056606,719,44
2716442,604,17
5107988,53,1
25196,41,1
1573863,195,7
2139819,33,0
1465845,237,22
4035271,339,26
741645,766,42
4991326,115,0
1893764,88,9
1582447,21,0
3592400,80,1
4751680,668,28
1231740,315,6
2948088,842,27
4317104,69,1
274936,383,28
2237543,159,1
2978503,336,30
4233516,215,3
986862,295,14
4666620,347,17
956971,395,21
954807,279,1
3193942,204,1
1820304,158,15
658007,217,2
2690744,989,54
1847649,805,59
603882,299,6
2435035,882,8
2119225,81,3
894646,618,27
2494773,2,0
4354636,832,25
4190307,35,3
491521,212,0
735872,2084,43
2102896,313,17
1518543,28,0
324865,237,33
4791623,307,9
5066805,660,42
2162012,66,0
4383631,264,0
1704399,38,48
862987,205,5
1365271,317,19
2205666,273,4
240013,197,4
3165428,131,2
2165498,209,2
3436598,57,0
2909874,339,9
2467952,774,22
1397898,317,3
362968,8,3
2815931,926,15
2043668,653,20
4534295,36,1
3539809,27,0
4855945,1017,31
1648266,5,1
2029155,77,1
3418507,516,16
3767253,14,0
3838044,28,1
1882323,980,38
408119,264,15
3113180,308,31
3059608,49,0
530911,19,2
4818679,231,10
4368912,271,32
2608820,1095,93
227085,567,17
3509084,397,8
1434792,288,13
687541,108,5
119876,27,0
1044282,806,24
2992092,652,66
2451827,267,6
3383712,245,2
4429889,374,10
3990760,229,29
3381435,368,13
4022036,86,0
713342,586,25
3554762,85,0
2421064,48,1
1594667,90,0
1826051,172,2
3809700,294,0
2071435,852,79
29895,44,0
3767524,27,0
828063,317,37
4394039,214,5
4840256,186,9
1759733,298,8
4863121,202,4
1424389,245,3
3677418,212,2
158127,145,15
2702654,323,23
1011991,45,2
3599138,432,6
1444232,294,8
2579518,9,0
1524094,403,26
3872841,262,6
147525,56,1
3257496,93,2
1518394,227,14
197048,779,36
1954028,403,50
1381217,567,8
1414261,768,26
4278682,13,2
2272886,191,17
825537,209,19
1079758,20,1
1008109,403,23
4227096,103,3
2916675,404,2
4699114,44,1
4202214,211,27
3302877,739,65
1090207,13,0
99763,714,29
1776425,139,0
2271061,93,0
3424453,208,2
3770161,442,23
3907728,231,10
4466795,479,14
2207881,144,17
1648490,178,22
4224964,35,0
4790654,63,1
1897924,399,38
3124619,112,0
4725540,136,0
4277393,22,1
4663130,120,4
1540196,73,3
1760378,102,4
4963975,119,0
4297908,269,2
4325577,12,1
976128,96,2
377795,367,11
1996872,326,29
5144304,107,0
5007451,32,0
635961,101,0
183516,525,62
2016297,2078,76
3203956,138,76
1685024,316,8
3921179,348,5
662979,108,4
3550683,13,0
4917103,267,23
600598,23,1
3155336,235,35
1139904,91,0
4281301,18,1
4174317,397,17
4135448,20,0
1485725,152,10
3769928,696,49
3039382,71,5
4780793,381,34
2481133,65,11
4658516,225,4
5141934,117,4
3100554,1058,43
4649026,1089,78
2692123,510,2
2765330,271,27
201536,124,12
469547,137,0
4662023,319,3
629343,142,0
3353949,228,15
4399402,90,11
602867,25,0
4453116,26,1
1384802,12,1
1556629,815,5
2833905,1009,4
2674882,99,9
2230263,145,0
403225,6,0
3146541,122,16
3142010,614,11
1283808,110,4
3586238,396,25
2071823,31,0
3576652,525,15
1488205,167,0
634104,295,11
1767199,589,32
2566194,261,2
2141039,1340,112
3757834,673,73
1073699,1328,82
4824934,264,22
3234137,427,0
3829496,258,38
4451955,531,0
2073722,87,5
2966042,55,2
5127288,94,3
2413387,17,0
2859865,743,15
4542991,15,0
3110199,958,6
2145811,574,21
4872327,94,0
3317618,28,0
2778829,403,2
2888100,702,7
805111,104,8
2499834,164,10
2709989,842,15
2258475,373,0
3933515,65,2
364772,78,16
4787383,123,0
3819832,456,7
5023117,517,67
1949910,177,10
2421866,239,5
199436,315,0
981149,203,21
3978346,115,8
542819,28,0
2488933,416,31
4113936,206,7
1240638,15,0
3443662,69,25
1791252,342,2
4855870,397,13
2764649,119,6
4276715,111,0
1761187,329,7
1569231,337,8
2034426,196,3
3906132,54,0
1458019,133,32
372171,21,1
1983785,412,20
3833305,48,1
866955,457,21
4068750,100,2
1314215,364,7
799586,18,0
236839,42,2
1708364,242,8
29017,119,5
3195765,672,17
3559315,29,0
740932,132,0
4360362,62,4
2412920,391,25
827577,17,0
2735086,238,23
3159606,131,4
2046640,712,43
2853285,524,2
1478169,433,13
871669,84,5
1347679,68,0
1237115,936,25
2202302,88,3
153248,261,1
455454,25,0
3501621,384,17
1115957,38,1
3593212,309,22
1283234,245,23
4367680,233,5
1462653,9,0
3532737,776,7
3034257,7,0
2634787,329,14
3227333,62,12
3978805,77,2
3366263,401,2
4048352,643,8
4977749,649,20
3115770,1461,83
1050400,312,3
5011708,104,5
5025425,126,2
370786,265,0
2623144,21,2
5001357,390,13
1820067,32,0
2381650,180,2
1527307,57,1
4676486,16,0
3722349,320,0
3471255,902,7
2783482,220,6
4525104,37,0
2014687,47,4
2337658,303,16
2003294,170,18
914596,578,34
3078074,186,13
1035114,14,0
4968783,780,42
905053,46,1
3708413,366,65
3219576,207,24
1496373,222,10
4590639,138,6
225719,187,18
4524544,977,93
428575,452,3
2845138,200,3
2101042,517,13
3573785,10,0
3308109,9,0
3733848,74,4
2724501,168,15
3897707,13,0
1918078,397,1
4187879,115,15
2368939,54,0
2560419,68,2
1074900,294,0
1630367,137,2
4698738,182,22
3946180,234,10
2768630,163,9
883629,89,2
1929929,28,6
2323763,148,3
4065978,205,9
3367526,335,6
1113655,530,14
5102377,28,2
3496986,250,13
4670238,531,20
1695915,441,6
1263934,101,16
972502,56,1
3009851,224,3
2552099,296,2
3260123,14,0
4303929,125,9
713487,36,5
4989544,146,15
1153967,16,6
5150593,223,13
871215,208,15
1703828,13,1
3137626,156,5
1515792,196,39
2653633,51,0
2829055,206,9
2808920,38,6
2363522,250,1
91435,52,1
4131561,301,0
3094632,237,21
1810340,470,13
507483,36,0
3535579,5,0
4918683,539,15
3843843,17,1
2615777,99,11
2848291,165,6
2935400,405,0
3752987,120,3
712478,67,9
4638374,168,15
3013799,480,22
4875873,91,2
2310882,35,0
2972538,19,0
3662605,24,0
470506,112,1
2089833,171,3
2185731,145,6
2980740,37,0
436240,82,4
4337040,165,64
4041490,145,2
2422685,41,1
1365517,291,15
3996757,75,0
1088600,237,10
4243089,176,3
3982447,45,5
3430716,152,0
1639557,200,10
1035360,2,0
2725713,72,6
356754,149,1
83555,80,2
3846119,147,14
1492316,1056,61
802883,255,21
4274280,239,0
1195469,533,22
4240198,405,4
2645524,221,16
5040906,241,1
2535352,100,10
1895809,212,0
1095182,10,0
1723640,95,4
1414652,651,27
1217660,62,1
4093403,37,1
82924,146,8
2439607,179,1
4461807,19,0
4487980,601,31
4978108,96,14
1728718,81,2
932283,14,1
2242999,208,3
4641137,256,11
3533922,122,3
47156,351,6
3942639,181,4
3339572,483,17
3818487,769,51
1154663,183,11
1989306,24,0
3340379,78,0
3269713,851,6
1527667,342,6
3844851,567,27
1637551,96,4
4300827,105,6
463642,29,0
2201295,134,4
4191987,444,5
3831339,173,4
3611467,51,0
1491996,114,5
987179,29,0
5004494,53,2
4283654,84,9
710485,56,2
1321409,979,28
2884615,248,1
4995843,70,0
582098,141,6
2981506,39,1
1459781,48,1
2589085,647,13
191050,13,0
1153016,47,0
2590902,35,1
3142427,514,10
2227283,304,27
4029277,127,1
4453737,194,2
4177487,396,6
4221401,437,15
4942599,34,5
315633,149,3
2996421,87,1
4993585,42,7
3830678,5,1
3105530,271,1
1608732,27,1
3037540,123,3
3060316,186,10
4286332,139,13
3202749,49,0
110468,177,14
793987,1219,33
2804191,412,3
3762996,6,0
3488348,54,0
1962491,23,1
1229885,75,0
4256741,8,1
2564498,1333,61
2369378,14,0
2953998,91,2
760108,12,0
4724418,349,9
3677677,59,1
1335333,408,14
797511,185,12
896899,152,1
4189038,812,22
1325026,49,0
859406,29,4
2021738,559,8
438725,3,0
639551,12,0
3831440,108,1
2627383,42,5
3839011,392,5
260238,712,14
1596053,62,1
443259,174,2
3749075,330,7
2026937,139,5
3813391,119,4
4842553,51,3
167101,137,1
1209822,111,1
4644372,43,5
2713634,122,8
4832362,313,2
3067560,375,24
200040,46,0
4462920,52,0
2636442,47,0
3670457,188,20
203384,497,25
1896842,317,12
2586600,450,30
1921180,231,17
1403634,138,1
168173,259,5
2288300,323,7
4900099,35,1
4685810,5,0
4061348,91,5
279087,32,0
1180396,830,29
3716034,659,2
4832627,93,4
1925851,95,3
609839,269,12
2424075,23,0
2425393,206,1
1828144,292,12
2392562,35,6
4640095,195,8
2787541,211,2
4792955,25,5
4079932,68,1
2280783,168,13
258240,307,32
1329305,153,3
3301175,41,0
524690,395,2
2750866,75,3
3981352,370,33
3188314,231,6
2484261,92,4
1142026,61,1
343590,124,0
144908,34,0
2716353,91,1
4760363,158,1
4832888,211,6
2176409,61,0
736367,125,8
891729,12,0
2833224,52,2
2008580,126,4
3919514,83,0
4083276,171,32
3253859,113,0
4650069,49,1
102113,137,4
1047062,105,2
4859530,324,30
3459071,3,0
3931187,606,13
784055,694,31
1853264,94,4
1841388,126,3
3512989,185,1
1938796,264,4
1893997,360,4
3044104,105,9
3825580,286,6
3084325,103,8
2827295,199,0
979216,267,15
3413181,1093,12
879778,261,4
2046012,21,2
933311,386,3
4009988,109,8
504058,21,0
4139319,442,0
4763681,99,4
1061267,100,1
3112979,70,0
4477956,313,12
4972037,98,0
3860478,23,0
370247,385,2
1646859,130,2
2108357,140,0
2051506,388,11
4920960,629,8
1416942,88,14
4866356,239,12
856881,162,8
3985596,43,3
3460830,17,0
4971918,193,5
990264,81,8
3703335,40,2
900930,71,3
1627611,91,5
1538836,59,0
2107997,10,0
1540813,6,2
986947,44,3
3208031,50,3
1357361,215,7
1895133,121,5
2016465,10,1
4352598,22,0
246973,498,25
2787749,188,1
2972044,27,1
1605516,30,0
4855982,180,12
1047470,445,41
4304225,337,28
3260881,145,15
1779458,185,1
800324,147,0
4262684,49,0
208658,64,4
2279449,236,6
716577,184,7
807480,84,4
3186382,285,7
4591297,309,17
4642962,56,1
4844483,335,4
2843395,90,0
2247127,14,0
2913673,131,5
4359860,18,0
4139190,74,2
4719533,304,0
3347546,78,1
779756,67,4
2131278,94,2
3123830,116,4
1631145,38,1
4585473,61,0
3967918,229,4
3355227,215,1
2080793,33,2
2186323,31,1
4977260,80,8
2024708,97,7
176011,500,11
2399691,170,3
3522123,312,18
573068,21,2
846466,42,2
4038539,20,2
280718,79,0
104209,368,18
374342,158,4
1916566,139,2
4873899,74,5
1968050,22,0
4441627,317,11
1581018,143,4
2988664,61,0
1119378,771,19
754223,8,0
239731,367,5
5132968,30,13
3092636,51,0
4854514,102,0
3697416,78,6
4935371,32,0
4477990,11,0
58890,104,3
1797051,24,0
1127399,154,6
4734649,235,24
3901971,218,4
3318001,38,3
4278997,306,11
3419104,132,7
2318100,264,4
2022943,19,3
981634,76,1
4233973,32,2
4735729,106,0
2714949,409,8
2119465,146,4
2594715,177,9
437127,62,5
1248746,554,3
1332361,190,8
3607211,118,5
2142247,257,13
1185980,74,2
1378235,290,12
1270487,486,6
952949,110,6
1605267,166,3
2594068,29,0
4801709,16,0
2461392,58,4
2738671,82,0
4531179,384,3
2450935,162,11
308160,201,4
4121327,23,1
1378600,310,11
4545616,53,6
4452828,100,1
1192323,81,4
3233284,180,19
4698156,142,6
4091515,35,0
264033,87,2
4486380,14,0
1766872,22,0
2356118,222,17
3250977,123,3
3975200,278,12
4785004,234,2
2176802,50,4
2117944,124,0
3125587,53,2
1854854,24,0
4562201,96,0
4138061,96,2
2922530,278,24
3322346,93,3
1106734,204,12
3450979,186,8
2460198,115,1
2848443,28,5
2880257,28,0
2650821,46,5
4475318,13,0
3052606,82,2
4249062,11,0
2173477,357,31
4260993,25,1
5115358,184,0
265031,67,1
2246257,14,0
3908911,191,2
2408143,211,7
3991658,70,7
696911,183,0
1990649,363,17
4016033,200,4
2733034,151,0
3813272,175,28
3105596,338,43
357412,190,22
3514970,30,0
79592,459,22
1743501,121,4
4007169,15,2
2816949,62,2
2147425,44,2
4437630,32,0
4696969,82,2
3244708,44,4
4082906,221,7
507147,24,1
1025469,17,0
3041003,140,2
5041509,61,1
3319273,203,4
3988134,317,10
4754509,6,0
1834836,173,1
2703301,208,4
4542855,56,7
40477,270,10
4057047,69,0
3440118,5,1
1606132,12,0
3073163,79,1
4031743,96,2
596086,23,0
4730421,73,4
1295571,165,4
3168054,146,3
1348463,192,0
2343720,279,22
3497421,14,1
3360482,49,0
2281023,374,28
4258246,148,8
414669,34,1
1549387,31,0
1064138,104,5
2227572,55,2
1681934,136,4
2237463,163,12
3588328,46,0
2601172,36,1
340378,53,0
2956048,191,22
4532459,255,14
2009072,92,4
4683331,22,4
200533,128,1
5016246,74,6
515576,6,1
2930652,169,16
3825930,53,5
4045243,81,3
4003338,120,2
2258420,73,7
4919545,323,7
156864,12,0
879091,278,1
3074365,175,9
2863357,134,7
3775826,35,10
4910113,418,31
2399583,66,0
3988522,18,0
786559,67,0
4339589,223,5
2976843,203,3
4347364,409,0
3006524,236,6
1458292,30,2
4257305,7,0
1201810,149,0
3602433,212,3
3938673,110,0
2087749,378,3
3242069,63,1
285822,201,23
1978345,203,23
2653245,126,3
1827078,21,0
1974531,26,2
3412492,461,52
558312,26,0
3161951,619,39
166971,224,16
2841919,125,1
2502302,88,0
2707715,26,0
3160343,35,0
2931418,101,2
254942,25,0
4385013,471,31
4298764,349,34
968034,24,0
2634918,76,0
3706656,38,0
3467939,34,2
3501758,16,2
244430,141,13
1995431,120,7
427759,84,9
3028983,319,5
2052123,119,5
1442693,176,2
1109721,140,1
2391785,21,0
3157674,566,52
2735970,32,0
2461722,86,0
3776470,112,0
4905679,25,0
1189645,200,11
478154,82,2
4439684,39,1
4894696,43,3
2144044,307,3
845991,232,2
842072,118,4
1620793,131,7
3877257,192,11
531556,54,0
2366076,107,2
3578715,70,5
2360356,10,1
3315724,127,3
3087839,511,23
4248234,208,10
4753530,57,5
4559160,45,6
327414,208,8
1269025,129,1
2641614,31,1
2621301,8,0
2314205,36,0
1598538,376,14
2591148,19,2
3510979,139,5
2073339,196,20
1183107,137,11
1164997,393,4
4148934,17,0
3476493,284,43
1960765,91,0
4219762,38,0
2304640,192,6
4265997,12,0
1142751,73,1
869314,42,2
4153434,61,0
3843999,107,2
5038211,15,2
4944456,178,17
1249226,61,0
4836950,30,0
406219,69,3
334451,93,10
669740,211,6
3558290,523,32
307390,6,0
677761,15,0
355025,196,8
3017994,66,2
2708414,62,5
2000725,176,6
2028926,79,4
664356,99,2
2153472,15,1
4513669,203,12
4750636,258,2
5115570,127,5
4107281,139,22
3032062,124,5
3471494,60,4
3591742,65,0
1266030,803,12
2219395,462,15
2153921,128,1
3865865,128,1
4139570,402,26
3332364,287,14
3849505,127,0
4686283,232,1
4096072,60,4
2661903,130,9
4576724,124,2
4648307,41,0
2749134,4,0
4874089,139,0
4609744,200,15
1947203,9,0
3697278,149,2
813789,897,7
2936423,35,0
3980699,45,8
4196608,66,3
1986679,53,0
2229902,438,10
3024544,83,9
4469157,68,0
614994,87,2
4388856,216,11
4328262,47,1
1191306,87,4
880612,100,1
823550,239,4
2643881,55,3
3087269,26,0
632990,169,2
1696756,42,4
1517505,575,15
4793442,68,0
1317194,196,9
4220062,10,2
2165094,231,10
4498139,80,2
5017401,102,1
3998093,60,0
2660189,36,0
1124773,25,4
4812210,114,1
1367586,24,0
1764555,26,0
2583941,121,11
4387206,224,7
3969849,41,0
2344666,43,1
4428081,31,1
2464603,21,0
3154021,121,10
1743226,17,1
3415881,254,10
485963,64,0
1439081,190,37
3218887,45,1
2839154,18,1
2567292,57,1
4009158,115,7
6991,147,0
3345128,53,0
4135923,10,0
2663729,2,0
282563,341,10
154938,39,5
3717662,224,23
5060852,46,5
4964406,16,0
933915,65,1
1391083,42,2
4761193,628,12
3722661,231,1
4355267,76,7
3695273,314,27
945038,6,0
854779,66,0
4240254,16,0
3252616,12,0
660726,83,1
1179546,72,0
1363318,167,11
2543170,140,11
2462191,139,1
1285003,87,8
1794547,5,0
1847889,32,0
2075289,17,1
4341842,64,0
1600403,27,0
963753,79,4
3813713,164,5
1859308,106,1
626403,8,0
5009973,298,2
4496515,82,9
4479050,64,0
406528,15,0
4272374,373,8
1554684,177,0
4218079,14,0
640436,130,4
2639297,158,9
350189,13,0
5150481,23,0
2313019,263,2
4162215,43,2
3804045,36,2
4639422,80,4
4644351,63,28
4904017,36,4
3149800,85,0
4548742,4,0
1365585,18,0
1654283,118,0
294944,49,1
2167268,266,3
4206624,35,0
2203649,48,0
4107633,8,1
514585,157,6
3421028,254,13
3472694,40,0
5064168,701,16
497797,75,1
4358674,40,2
2448870,59,2
4643586,328,13
3291171,48,1
397030,92,2
213769,111,1
3339272,15,0
3812942,2,0
3330664,116,11
4084869,92,2
812925,183,7
3207556,152,0
1468785,180,6
1766286,64,3
1183755,6,0
2281648,237,22
1535675,157,1
5035287,111,11
1388444,206,22
3243754,244,7
4403044,39,0
2187795,40,4
3820153,12,1
648726,70,5
1949490,236,12
340619,61,2
1243199,173,1
164862,42,0
4169253,113,1
386405,141,17
3204798,8,0
3114318,13,0
551306,171,0
3132587,38,59
4433670,141,4
3125986,70,6
3822927,302,29
1934402,18,0
154292,77,2
3333989,232,17
2568876,10,0
2363745,38,5
3929393,103,8
3051379,60,1
4418019,139,2
3865394,111,27
2339880,67,0
3584192,37,0
3339691,79,2
3771850,48,1
3675206,3,0
4849381,228,9
1519048,88,3
157489,295,5
3926653,20,0
3798628,289,2
144725,162,7
1509747,18,0
3410884,45,5
505975,199,12
1516701,167,2
4322275,43,0
1521328,153,0
4843850,17,0
1024101,314,9
2912808,235,13
4388197,74,21
2844116,37,0
4622818,103,1
261087,188,5
1808057,41,0
1511412,134,0
1573042,18,0
2797634,31,0
2069606,75,0
4632203,22,0
899505,230,9
4937212,56,3
6596,113,2
3095029,161,5
3689668,55,3
18905,76,7
1522202,80,0
561267,217,4
2667674,132,0
4932155,22,0
5142054,129,4
3300413,36,4
3071765,74,1
3148416,60,5
604890,6,0
4368448,32,3
4313275,31,0
4172298,160,9
3374096,163,6
3921612,216,1
1618400,222,6
1648046,16,0
3860379,45,1
3610789,199,4
2474048,7,0
1456311,435,54
21032,22,3
1390603,177,10
3726235,31,0
1888919,14,0
5091710,21,2
2299797,106,0
589117,178,7
4856191,234,4
2099366,32,0
3580879,168,2
2944055,89,0
2663123,23,0
197654,131,0
4860274,54,2
1753262,842,46
1774066,17,2
2466446,68,2
3094765,4,3
83709,384,33
292651,265,33
5086461,27,1
1041428,135,3
999850,35,1
544455,18,0
4694416,296,8
2066334,37,0
1464940,299,15
4624494,409,28
3170687,99,6
2114916,312,4
4318499,45,7
697095,88,1
2252844,22,1
4923907,18,0
3175899,2,0
4586026,12,4
2197898,39,0
317587,604,2
2786284,59,0
2654246,295,2
5126693,55,3
2847851,168,5
4363582,237,7
2395891,67,7
3703137,168,1
4154011,128,23
829858,170,12
2282908,70,3
964432,35,0
4878258,72,0
917424,26,0
875715,54,1
101629,8,0
3469941,9,2
4772702,197,3
625930,79,4
1801209,45,0
3126991,324,0
4878507,21,0
5092376,30,0
2140895,114,2
3753919,286,3
1630907,64,2
3236541,98,0
251062,61,13
368686,3,1
1223166,13,2
1118235,116,0
2837894,23,0
4631602,99,5
1677323,80,1
2523363,19,0
1944520,69,0
810277,50,4
2895712,7,0
557684,12,0
498433,106,11
1280974,8,0
2564106,26,1
2325377,110,7
1792919,88,0
960182,16,0
3217337,53,3
4931395,140,3
456480,8,0
4328885,273,10
4841781,37,1
221208,69,0
923467,157,1
3487352,20,2
3018650,9,0
2670778,25,2
2555212,89,1
4356681,61,5
3287763,204,4
904673,145,8
1968315,434,29
3395271,121,6
3680709,71,3
3003158,39,1
3259038,215,7
1002057,11,0
282457,7,0
3222568,95,1
2298549,109,3
3470545,176,1
5066178,59,2
545120,89,4
3192046,32,4
2753551,24,1
3505098,43,4
3196412,18,0
4627937,2,0
2044542,81,7
3932461,81,1
459134,312,6
2899861,184,4
1249820,355,1
155799,190,10
4175985,2,0
3837094,166,2
4724204,19,0
2815537,31,1
1000858,77,11
2879735,38,1
4737992,102,2
1254966,112,6
4987918,197,9
1156021,6,0
4619932,18,0
2153280,75,6
4630561,16,3
2236017,88,8
3088062,92,0
2773269,93,3
1028049,3,0
773704,117,8
2051538,40,1
2178633,127,5
3769517,33,3
1326107,53,2
4035478,23,0
3791591,69,4
4593052,92,2
395319,34,1
1940040,96,8
2753670,12,0
2852225,8,0
4588777,77,1
4629913,141,3
1282083,6,0
5101743,45,2
3740731,67,3
4913523,81,5
858696,15,0
2254846,176,14
1394012,222,9
3950342,118,5
3303502,20,0
4050835,51,0
2898669,89,2
3296913,142,5
1317882,122,7
3217275,57,0
3927630,40,0
2606161,10,0
3425815,58,6
2827046,98,5
3155613,89,9
952121,20,0
851609,87,3
147092,120,3
4029109,279,0
3976366,82,3
2903732,155,10
1277139,92,4
1702525,102,0
4342232,31,1
3861976,28,1
2845617,121,4
2724293,31,0
2993711,84,3
3018880,406,18
2009472,85,0
3311788,41,1
2559117,94,2
1999309,47,3
4555874,35,0
42379,34,0
2850194,11,0
2064849,4,0
3200964,29,0
5043341,23,0
1675656,3,0
4897779,148,11
4520215,41,4
1429536,81,1
1730997,14,0
232459,30,2
1603542,32,1
833596,109,10
4884606,34,0
3386923,273,9
2027055,50,1
2173261,287,0
3715287,77,4
4269159,53,0
2776159,47,0
3969228,43,0
2062612,116,7
4021824,9,0
1944515,183,3
173036,180,11
3789484,12,0
4527334,168,3
5050206,41,1
1757439,27,1
898495,2,0
2567848,129,12
4969437,7,0
208792,3,0
2102039,59,0
4486683,32,0
4477551,78,0
2338312,36,4
3478569,15,0
29244,16,0
261723,148,6
2756139,18,0
2875969,13,15
1231387,82,1
5073790,210,6
538041,37,3
2082380,183,11
4237395,31,2
4902863,54,2
5157813,75,5
2279145,18,22
449431,131,4
3557365,103,6
4641386,17,0
763509,166,0
3472302,85,1
429792,13,0
438014,61,3
20683,69,5
1553570,525,13
4423023,158,8
4816147,79,5
3367946,46,2
4502419,26,1
3459391,14,0
835253,3,0
2496211,210,7
553846,149,3
4457166,11,4
4399644,96,1
2130495,21,0
3721914,29,0
632079,4,0
48328,9,0
743465,64,5
4847424,66,2
922990,232,8
1440534,48,0
2386315,26,3
4173199,49,2
3763189,37,0
2805482,157,2
1371048,75,0
1332599,28,1
4825166,13,1
1141534,34,0
291003,139,8
3062356,39,0
254162,199,4
472179,35,0
3366325,22,0
4555638,163,10
4053787,14,0
2609658,70,2
1311192,7,1
2081583,249,27
3796228,39,0
3533097,49,5
3380833,111,2
4387171,2,2
5112769,17,0
4084956,57,0
4615665,39,0
3589047,144,10
2374871,176,7
4240866,25,4
957806,6,0
1354895,58,6
2339772,2,0
3649707,73,1
1775706,153,8
2791241,47,1
2783030,11,0
343763,9,3
3646863,40,1
3596030,11,0
694810,9,0
495107,32,0
3200258,11,0
2078135,199,8
2841881,215,1
3917427,39,0
2630980,74,0
2784037,176,1
5076053,107,1
204327,46,10
2375123,91,7
2949750,62,1
3333598,103,5
1700551,67,1
1627115,193,2
881097,139,8
4882792,59,1
3579562,91,1
4858047,67,8
863140,30,0
4603712,91,4
3190770,84,1
2354072,107,7
2077129,45,5
3093405,42,0
837019,23,0
5052533,28,3
5004150,11,2
2332202,81,0
1003418,31,0
4435317,206,16
1503429,13,0
4196603,160,7
1741880,29,1
4229855,13,0
3333758,7,0
3766945,24,0
3032872,50,2
808046,20,0
242624,10,0
5126160,4,0
2961965,44,6
5110023,10,2
4558450,11,0
3305842,17,0
2872537,41,1
1807171,144,2
1534064,10,0
1063498,131,5
2544853,24,0
1053937,21,0
1242568,193,5
3343296,87,0
3204642,170,1
2774053,20,0
2224779,160,3
911121,162,0
5082011,103,1
3692624,54,2
317735,38,0
4256421,63,9
2413155,18,0
1217893,127,15
1959677,2,0
560416,53,2
423401,12,0
4953476,187,4
2641982,258,3
4690273,39,0
684953,79,7
2157221,135,11
5110799,98,2
3067195,67,5
3695230,74,3
1454926,67,3
3951528,70,0
4914162,14,0
285669,9,0
2209420,126,0
3876590,21,4
1792505,7,0
1479922,55,0
1907144,34,1
2079360,72,4
3428791,74,2
3325291,20,0
2998226,117,1
1066775,109,7
4950941,16,0
4275158,47,3
4934285,38,0
1374795,12,1
1190486,6,1
2117812,118,17
3983377,50,3
4601287,219,2
1034030,24,4
2188455,63,2
1676950,50,0
3676677,71,2
3095371,33,6
387677,12,1
4274317,16,0
1143790,201,6
4868693,6,0
1522340,88,4
4823798,8,0
1983194,161,10
1780172,16,1
1081429,98,16
4358285,74,9
1321275,14,0
3951473,50,2
3675151,180,12
980774,138,9
4484091,201,3
1355815,164,2
2496012,4,0
5129447,36,2
896581,81,1
733959,90,4
1188103,71,0
4153934,4,0
1079216,38,7
3042295,45,2
680185,295,5
166281,48,1
2312939,17,0
5104523,24,0
1212848,5,0
3983110,64,5
3227788,120,3
1062056,190,8
4750592,76,0
1705845,8,0
2300463,111,40
3789709,50,3
213372,24,1
4316443,8,0
43991,41,1
1413753,189,1
1738846,34,0
2107766,65,3
3707383,50,1
379687,96,0
3822453,42,32
3110951,26,4
2743023,4,0
1619113,92,3
3353174,94,7
4803781,3,0
1499812,17,0
4216573,228,0
510435,60,2
2259748,30,0
2238082,12,1
2975968,305,6
2254976,34,2
4027854,74,1
3877850,87,0
1775023,3,0
3414763,65,5
2735562,30,0
2156319,7,0
540542,37,2
833218,77,2
4800373,28,1
1827328,50,0
5106813,199,3
3677368,49,7
3476458,34,0
1193719,4,0
5053129,220,2
2535155,42,5
2819583,65,1
2578886,87,2
3464133,38,2
2796689,23,1
1084922,38,0
375630,28,8
4733516,21,2
4153894,74,1
2734034,47,0
4103993,12,0
3137462,7,0
314487,24,1
3256582,74,1
1498138,107,4
4412100,45,0
4857579,75,1
2612661,54,0
4865306,59,0
2650416,137,0
2512691,91,9
4584709,80,5
1371504,106,1
2397531,58,10
996960,39,0
91834,1,2
4736122,159,7
3927518,143,4
1087982,34,0
2338864,12,0
1547312,49,0
2100800,114,5
1250853,181,16
3914309,19,1
4187012,44,1
1524998,53,4
896271,60,0
3208673,57,2
861112,60,2
2544216,57,1
4337739,64,0
2732141,135,0
4905722,14,0
4375661,10,0
767449,61,1
3497467,83,5
3686141,4,0
1234048,42,0
4795103,55,0
3528156,112,2
3319118,17,1
2827663,16,0
2738053,14,3
1656763,19,0
5089657,34,2
2754299,62,5
2326685,61,2
2897952,148,2
1632153,13,0
1649901,24,0
4613316,37,1
4658670,142,4
3402174,51,0
2104144,28,2
3810222,14,3
846819,110,0
3293531,14,1
3450166,167,3
2334072,6,0
4460620,99,4
2509955,143,34
3183680,24,5
3127452,13,0
2223708,85,0
2949858,9,0
3919350,3,0
608928,60,0
5147697,322,21
3813565,3,0
1089337,55,4
5113054,45,2
4155040,37,1
64327,17,1
5044001,21,0
4226444,21,0
2445629,96,3
672475,34,0
2125701,20,2
1847739,43,3
2449009,92,5
1796440,130,6
2350409,22,1
563845,44,1
1732828,40,2
78890,50,0
949896,34,2
320783,68,7
3052350,32,0
2933082,103,0
1921714,26,0
4165199,5,0
3127952,12,0
3710855,61,5
4219703,20,0
3134373,181,6
4455196,11,0
3046922,7,0
2627359,85,5
3613271,50,0
2489285,44,0
3505374,41,0
4197599,66,3
3790685,38,1
3327428,6,0
929495,22,35
3268749,18,0
321175,37,2
4026780,6,2
3759129,15,0
521892,124,20
3469361,97,5
4715902,22,0
1746357,8,0
5094017,11,1
249998,38,4
1788349,111,0
4350255,9,0
3404465,60,1
3244938,97,3
4073899,33,0
4551916,19,0
490422,32,0
470396,91,8
850355,17,0
1954991,68,7
2829512,71,0
783805,45,0
2171870,127,3
4053488,47,2
4089254,65,1
5079575,18,1
4433614,55,4
1499458,47,3
3727860,12,1
1983632,32,0
3084935,27,0
4932619,24,3
1076642,66,1
3701453,26,2
88095,45,7
3155482,1,0
2593838,32,5
2202773,80,0
4058901,25,0
3274111,67,4
3244208,20,3
1972769,249,16
5092474,40,0
50131,18,0
3919123,45,2
1772188,12,0
1673289,49,1
4266725,39,0
363716,37,0
540862,30,3
3917816,177,2
1042547,9,0
4761031,105,17
2084244,24,0
4296766,125,9
2269372,32,0
2004663,15,0
1602028,135,12
4116886,8,1
1698253,25,0
4466067,69,1
4643958,272,5
1881939,14,2
2636515,4,1
4765763,35,0
1604503,42,4
2490889,114,3
4711317,99,6
4164492,48,1
455842,18,2
1178626,8,0
253548,22,4
2297466,35,4
1993439,15,1
1428903,17,2
2824217,166,0
1661061,36,1
3226113,64,2
738207,44,3
4007973,49,4
3872947,140,2
4244338,162,7
2784633,19,1
3928077,12,0
2778067,84,4
1244015,24,4
718302,5,0
3281152,58,1
1138527,55,4
232949,5,0
4387026,42,0
1733194,159,9
232017,34,0
298667,84,0
4898513,188,1
3611621,15,0
1046209,19,1
3321770,38,0
3165927,21,0
3989080,4,0
4019270,24,1
2111034,38,0
4987122,51,5
4582033,10,0
1301183,14,1
88117,44,1
2213736,73,2
341636,19,1
781799,6,0
3857363,16,0
4664792,29,0
262776,18,0
1177404,15,0
1612140,119,0
1159794,27,1
2661531,10,1
2017881,27,0
3747051,87,3
4120972,39,7
1457215,76,2
3371255,21,0
499569,79,4
4822258,58,2
4085091,22,2
863609,5,0
2667019,70,5
3688676,4,0
316594,32,1
4856819,2,0
1559456,8,0
5091553,4,0
12566,26,0
180839,88,24
3805162,21,1
3902836,20,1
3585570,24,4
3964605,23,2
1961203,51,0
5079277,12,0
4788932,2,0
475200,53,0
1926217,2,0
2218275,27,2
3451590,3,0
4044349,18,4
4474010,183,10
2348188,23,1
1674866,36,0
1642108,89,2
3186339,34,0
1712893,35,0
2809539,33,0
514953,15,0
1787284,70,3
4551631,11,0
1408196,3,0
689424,57,2
1617281,15,0
3752849,27,1
2854852,26,1
473477,14,0
3105772,5,0
1978698,12,0
3024151,16,1
4613577,106,0
2501546,31,1
257571,218,6
1006249,65,4
1384040,5,0
4417552,34,10
1418845,252,9
132506,191,6
1034344,17,2
3631518,8,0
1123935,6,0
3294090,13,0
3165250,17,0
3316298,44,2
434021,2,0
56692,81,0
3802530,17,4
2042952,17,0
3144331,9,0
266112,7,0
2110262,35,1
655513,26,0
3899528,30,0
3032612,73,5
971875,8,0
1498776,30,1
1995257,10,0
1554614,4,0
4864953,110,6
1078236,16,0
2239317,66,3
3331319,27,0
2857561,105,4
1964683,3,0
4489854,89,1
4533667,5,0
4097839,4,3
4415665,65,5
3334029,22,2
3515756,22,0
300775,45,12
1196541,16,0
3718071,10,0
5042719,74,1
3225718,43,0
4405678,29,0
253152,42,0
4266028,61,3
4951863,96,0
290371,11,0
1819196,11,3
924665,18,0
2322264,7,0
1417801,7,0
3116765,4,0
1168330,22,0
3870091,20,0
242338,44,3
4627431,43,3
3828167,59,2
738292,47,4
2143477,22,0
3170922,71,6
247208,66,3
2567999,17,0
2550195,2,0
119467,24,0
3969378,29,1
634333,23,2
2023144,21,1
1210446,28,0
3291668,21,0
4931012,56,2
3387711,51,7
906660,38,1
1514408,51,0
929826,10,0
1986353,43,3
443882,52,0
1610993,124,10
5038886,20,0
4308856,1,2
2620710,4,0
3570583,13,2
3861735,59,1
2818,25,14
570578,56,7
4856429,37,5
5148378,3,0
2046227,84,5
2960904,22,0
4649060,3,0
153056,4,0
2968219,15,0
806530,11,0
2460103,49,5
4908381,24,0
3044629,9,1
371650,45,0
4972718,31,0
4900781,22,0
2726083,47,1
1701863,6,0
553565,43,6
3280276,57,2
1501592,62,8
3788039,18,0
1734820,37,5
1880077,49,0
67841,31,2
4886273,36,7
5076642,9,0
4928847,74,0
1342747,4,2
1185368,5,0
1993867,43,1
4642367,20,1
1347854,38,4
4118855,90,3
4604364,71,1
3156685,17,1
1764863,72,0
751979,106,1
3903229,26,0
2002445,14,2
2899620,6,2
3126153,11,0
4004827,41,0
551542,8,0
4124908,25,3
1504409,22,1
2061733,15,0
3137568,11,0
260476,53,2
4773090,177,8
2026115,7,2
3685111,114,3
3076218,8,2
4304858,183,15
3277892,73,0
922037,24,0
3357381,8,0
2357128,16,0
4732843,93,2
1669815,3,0
1211779,11,1
2517335,18,3
4798457,11,1
4928445,17,0
4876956,12,0
4593051,85,3
5160054,204,8
4844623,18,1
2331548,41,1
4814210,119,4
3870982,25,0
3997061,53,5
2883342,17,0
748535,2,5
2703912,7,0
1625430,78,2
741888,6,0
1666655,70,5
3751691,14,0
4030113,30,0
4107564,29,0
3517266,6,1
3125846,134,1
3867102,46,1
2373064,23,0
2941495,20,2
1900997,3,0
1740027,10,0
795044,97,7
3209825,13,0
3315699,10,0
792794,26,0
4143437,16,4
4511523,83,4
4295469,76,2
604296,220,7
2226482,6,0
3681960,32,4
115357,34,0
2571442,6,0
4357566,18,0
5153540,12,0
3024387,48,0
3476681,32,0
1399291,23,0
4238104,12,0
2944749,34,0
3115954,35,0
522582,26,1
3200651,47,0
1143558,24,2
335089,14,2
941302,37,1
789547,2,0
4390145,2,0
3519436,26,0
2423958,24,0
3122327,42,0
4143978,7,0
4148609,12,0
1996088,32,0
2754049,33,2
4859272,2,0
3173444,6,0
3460443,26,1
4569236,49,3
5140415,8,0
2152657,26,2
122751,25,2
4640751,4,0
1644427,14,1
1696750,17,0
1433136,17,1
336500,10,0
4392790,178,8
824351,8,0
2194520,19,2
3086341,44,4
2925609,8,0
3428859,3,0
938646,32,0
3578385,12,0
452494,7,0
3234800,35,1
2163653,44,0
1335754,25,0
4881334,19,1
79699,8,0
1038282,6,0
1965630,52,1
3292675,11,0
1104479,18,0
280192,6,0
2679262,18,0
809473,6,0
1147,2,0
23488,46,10
3264214,38,2
3591904,80,2
585028,24,0
1834968,16,0
38198,13,0
720430,3,2
1799352,53,6
4556681,16,0
3628283,11,4
4062433,14,0
86191,5,0
4392549,39,0
1411976,46,2
2909773,11,0
1949094,3,1
4956593,20,0
4933013,10,1
4973523,19,0
2462168,39,3
3061129,114,1
3448004,16,0
3030604,8,3
460515,24,2
4722498,36,0
2223314,13,3
5019425,4,1
790513,1,3
221906,68,11
735058,49,2
3587526,11,0
1532133,4,0
2123175,237,1
4379500,76,6
2763156,103,0
1667875,100,6
310700,2,0
1825297,61,0
1898167,46,4
1658716,20,1
4838066,9,0
19066,4,0
4147681,21,4
3297717,18,0
1585183,10,1
2454604,23,28
4023951,11,0
1795783,18,3
2972157,74,0
4284295,4,0
1369217,27,2
2518982,15,5
1688095,23,0
1385594,31,2
2538849,26,1
4948377,34,3
3618201,6,0
3011983,20,1
1401232,52,0
87447,64,2
3470764,55,0
3046285,41,0
4885893,65,6
1580697,23,0
4607444,17,1
1228115,94,3
1863793,18,2
2333603,15,1
3678286,4,0
2011127,43,5
5049423,25,0
4345062,38,1
724157,21,0
2235333,20,0
3368567,9,0
3860708,7,0
420826,7,0
1921056,45,0
2791903,10,0
1599024,10,0
1071695,10,0
2196457,25,1
2048740,4,0
3792933,18,0
885278,12,0
527843,21,0
5077008,45,0
2569114,32,4
4299646,114,4
280975,43,1
4776215,44,1
2768545,18,3
2138139,28,1
2570132,7,0
228823,9,2
2494458,122,1
1202529,7,1
1913628,17,0
4534650,29,1
3391612,12,2
1049778,2,0
1614937,12,0
2149482,48,1
4294444,28,1
936803,61,1
4442223,44,2
2833460,20,1
5085868,14,0
2165262,100,0
690658,2,0
4667861,34,1
4616160,56,0
2157633,20,0
4588256,70,0
5119067,5,0
4068075,16,0
1551365,51,5
4253006,32,0
1150739,43,2
4621551,22,0
3674068,12,1
2278498,4,2
2768371,114,3
1625300,111,5
1061498,35,0
4949903,20,0
2570387,31,0
4903752,19,0
3965180,16,0
2292548,10,0
1747414,5,0
702853,22,0
2959651,12,0
2979755,31,0
3011447,11,0
1542618,13,1
2075481,6,0
2817793,43,3
4284523,9,0
2693087,42,4
430025,88,0
3291895,16,0
2332625,7,1
3875696,14,1
3349574,6,0
4587100,9,0
3115438,59,4
3353791,10,0
1547240,2,0
2222944,21,0
638718,14,1
2668314,33,0
5002410,32,1
1848357,2,0
4042127,18,0
2178751,19,0
2356521,23,1
4316363,17,0
321158,12,1
2614150,2,0
4265642,34,0
2872050,40,10
4675092,9,3
237653,7,3
3719518,20,3
4525351,63,13
690037,17,0
243469,20,0
1351579,6,2
4765798,22,0
1934471,7,0
3858594,21,8
318691,16,0
2938032,24,1
1401571,33,1
2746181,9,0
3467332,9,0
1963605,6,0
1709948,80,7
3207173,39,2
3124868,8,0
1189153,21,0
1709757,3,0
2121628,13,1
1709559,30,5
162197,4,0
1341208,11,0
4820087,4,0
1173951,4,0
4610038,2,0
2392409,10,0
5162429,4,0
4603053,15,0
1133919,17,0
4900742,18,0
5119781,36,1
3151689,30,5
3116776,4,0
2534372,8,0
5140212,10,0
1017550,10,1
3996509,41,4
1619035,18,1
616601,17,0
484123,17,0
2135345,29,6
1496450,2,0
2374779,19,0
1179411,0,0
5093036,36,2
5092917,22,0
411242,84,1
1184549,55,3
4120882,15,1
189438,8,0
5043552,25,0
2988408,67,0
1980086,16,2
3413502,7,0
1948198,5,0
1569917,16,1
1430822,126,2
2691326,31,0
4309055,15,0
4299030,79,2
4996870,87,0
2915438,62,2
3280360,17,0
987830,8,0
2138657,3,0
1975144,48,0
3161686,22,0
2441041,25,0
1936083,16,2
260888,10,5
4649765,14,0
1037127,14,0
1232140,10,1
1986402,62,1
3449301,41,3
734414,20,0
4828930,15,0
3552736,34,5
2554344,37,0
1524257,6,0
1845817,5,0
1865444,50,6
4130687,38,0
602341,16,0
2560150,2,0
1177996,17,0
3125596,23,1
1619516,7,0
3777022,46,2
3341847,15,0
4921468,21,3
1400945,71,9
1593157,14,2
3306925,25,1
3892595,25,0
539671,76,6
354507,37,4
4988426,19,2
878111,7,0
1005994,21,0
3644972,22,0
2481129,5,2
103413,15,1
2056686,7,0
1114462,21,1
2795524,4,0
1628418,39,4
3654167,5,0
2118435,18,0
599020,27,2
4717148,6,0
3656403,66,7
3661348,71,0
4157019,39,0
2283452,6,0
1333836,8,0
4078281,9,0
4961897,20,0
66078,87,4
157636,22,0
3720382,45,0
1159340,40,6
1637950,9,0
2111328,19,1
805301,4,0
3051434,7,0
3049997,87,0
3827797,16,0
1816347,23,0
4197911,36,0
2034521,23,0
3145954,21,2
1741782,6,1
1024932,9,2
2548673,119,0
4203993,2,0
3117731,39,4
3955696,15,0
2893433,2,0
2799347,20,0
652587,6,0
606103,11,0
969301,9,1
2213342,82,1
134955,79,4
2187713,27,0
2548906,106,5
3138956,11,1
4871201,4,0
1650737,11,0
2442755,7,0
3567511,5,0
2291727,5,0
2636629,41,5
801535,20,1
3249503,7,0
2787114,4,0
3552282,22,4
3947484,12,0
2941102,34,1
956866,43,5
4349434,1,2
1850715,32,2
2078702,19,0
2174336,26,1
1813313,11,0
533830,14,1
1978445,58,1
4590366,100,3
1934131,3,0
831969,2,0
5079281,17,0
178334,31,2
5126559,30,1
3004361,112,4
310192,11,2
4365210,17,0
4255514,16,0
2068046,22,0
1122785,2,0
3337462,86,3
1955995,18,1
4064781,51,7
3241534,10,0
2299139,6,0
604492,12,0
3831011,24,0
3991934,11,1
1890814,23,0
4341222,17,0
559016,20,0
2104564,50,9
1056899,31,0
1481606,10,2
2214336,45,0
1107258,35,0
1904273,5,0
4193097,2,0
3570223,12,0
2698327,10,1
3463990,20,0
2402375,29,1
971617,57,2
1170596,8,0
3688335,41,0
1966972,29,0
331256,77,2
1921030,28,1
4481306,28,0
2907809,14,2
3596133,8,0
5090914,4,0
4534810,41,3
1656844,17,0
546008,32,5
5047573,18,1
834237,49,0
4535504,20,1
1238524,39,5
715415,36,5
2834069,18,0
2002305,16,0
4026622,18,0
1101662,3,0
2871079,4,0
243642,2,2
2832255,35,0
4561189,8,0
2467446,10,0
1832521,16,0
2061354,3,0
3454376,52,5
167552,24,0
1870941,12,0
748452,18,1
303690,17,2
1333844,15,14
3948861,5,0
3356483,12,1
1755299,7,0
3313795,18,2
349432,15,0
3859286,4,0
3332754,16,0
3962993,75,9
1791760,51,4
3916812,52,6
5060588,8,0
2235838,3,2
1082203,78,7
2788531,28,1
435088,97,5
3576462,8,3
778790,25,0
3271334,33,0
77463,3,4
101669,20,1
1928015,4,0
1245425,60,4
4238284,33,1
5072792,22,1
4954438,19,1
1644387,9,1
629741,64,6
1072973,19,0
1284358,18,0
919491,10,0
2962805,21,0
3862356,8,1
678291,32,5
931276,7,0
4246855,23,0
1945209,18,0
2479577,9,2
3062977,9,0
2296031,27,0
2540962,4,0
488441,16,13
4059045,19,0
292202,63,2
1688933,46,2
1063364,2,0
3151084,24,1
586226,2,0
2966031,13,0
1488824,5,0
1831349,9,1
4913917,22,1
352867,2,0
3901835,8,0
4195683,29,0
2004629,27,0
2446260,2,0
2490503,20,0
3843181,4,0
5016708,17,0
1625513,11,2
5039319,20,0
2593765,7,0
1018206,33,4
4279663,38,0
791190,2,0
2393281,9,0
2739388,43,0
2184479,65,0
2445178,5,0
4597123,11,0
4630498,7,3
162991,2,0
719064,18,1
1602099,6,1
1538288,6,3
3568566,4,0
303593,24,0
3314841,46,2
5131771,15,0
454855,3,0
1010249,5,0
4987751,8,0
4516118,3,0
3977957,60,0
1771100,41,2
373537,51,0
3442460,5,0
4461258,1,0
344841,19,1
456934,43,3
983858,1,0
346135,11,0
1656336,2,0
2687965,16,0
4459944,14,1
5002897,19,0
4839241,45,1
2993395,8,0
1843556,13,2
1719028,4,0
1616581,32,1
839777,25,1
4059492,29,0
150822,2,0
1517745,10,0
2033697,75,2
3490473,37,0
4189660,32,0
3787562,18,2
1917444,18,1
5138388,14,2
2993316,12,0
4935177,152,1
4898257,28,2
380890,14,0
4582259,31,0
719678,33,0
121736,7,0
2752589,6,0
564835,16,1
1389807,10,0
4912078,14,1
3230409,6,0
2531455,17,1
1763183,10,0
3634741,9,0
2088808,4,0
2508762,15,1
93139,17,0
664841,19,0
1688331,15,0
2848684,8,0
3641737,11,0
1705655,5,1
1211702,3,0
4659129,31,1
3726866,28,0
5159111,13,0
4034608,16,0
1362985,40,5
555804,9,4
3208461,3,0
4441985,13,0
2268376,8,0
891778,36,2
1741954,4,1
936178,10,0
5059323,8,0
766297,2,0
505583,13,0
162092,4,0
2900843,6,1
2927082,2,0
2377350,7,0
13845,42,2
2656624,9,0
3859698,5,0
3469676,3,0
1046454,18,0
3298390,16,0
1940278,5,0
394436,4,0
3263418,7,0
1220297,3,0
2967410,1,0
5122414,16,0
3208195,10,0
1246069,31,0
2572990,52,0
3616186,28,0
2239710,10,0
3285912,20,0
1700306,3,0
173174,8,0
4665817,2,0
2459243,12,0
2294327,4,0
5156184,5,0
3991169,7,0
1951419,18,1
98276,7,0
2014022,14,0
512916,4,0
2000254,7,0
184240,6,2
4061216,7,0
5061237,23,0
1059890,5,0
2441751,17,2
2281135,9,0
4184950,2,0
4551035,117,2
1590884,52,2
4639230,19,2
3101160,19,0
4121442,11,0
1923846,4,0
1486065,16,12
1923495,11,0
4011450,4,0
299355,8,2
1214341,10,2
4824790,38,2
1130986,3,0
3873094,14,1
1588309,4,0
4525029,5,0
1946170,1,0
3328139,7,0
4239298,11,2
2804564,9,0
4577370,8,1
2607347,23,2
4826617,1,0
3064146,10,0
204387,9,0
713958,41,0
1515192,16,1
986320,17,0
2232511,5,0
450231,13,1
2512862,1,0
797761,17,0
1863540,8,1
629491,25,1
28447,21,0
1150714,16,1
1388760,37,1
2553543,14,0
2502536,1,0
485799,6,0
1831723,8,0
4844731,13,0
4463913,16,0
4819570,10,0
5147815,1,0
2611885,196,3
170332,10,0
569273,24,0
227237,15,0
544714,5,0
1040578,7,0
1606185,11,0
2776576,6,1
615380,1,0
665705,5,0
4349597,1,0
125443,11,0
4478582,1,0
1082689,24,7
3447946,64,4
2275891,13,1
931904,2,0
1326763,4,0
785275,14,1
4210266,68,6
3595150,1,0
452570,10,0
1040821,42,0
2091632,32,2
3975755,27,1
5019564,5,0
3277189,87,4
2729472,13,1
2613120,6,0
3303731,2,0
2286827,6,0
347215,1,0
1731549,20,3
4859698,7,11
4439325,8,0
2317546,7,0
492515,13,0
628194,3,2
80,23,0
1574464,4,0
3565771,6,1
3288521,1,0
4895678,6,0
446543,10,0
272094,11,0
258319,6,0
2010885,22,1
4199799,14,0
4822957,1,0
3328237,2,0
1357007,10,0
878254,5,0
3852264,5,0
3845264,12,0
981380,2,0
3089478,3,0
4437111,1,0
2091111,6,0
418600,10,0
3891427,10,0
177124,10,1
2299347,7,0
419130,6,0
3133434,1,0
2051872,6,1
171775,8,0
355866,9,0
4543704,7,0
244556,13,1
4480457,11,0
226606,2,0
658306,10,2
4186113,16,0
3910632,1,0
1247330,8,1
813182,3,0
362915,11,1
2496304,4,0
2667709,2,0
859055,30,0
2576181,2,0
2632488,31,0
3778811,4,0
2377125,35,1
2468733,7,0
4816919,15,3
1228328,7,0
1369227,5,1
2904716,22,3
1389127,6,0
1026000,19,0
1510964,27,0
841977,7,0
3513163,11,0
1447068,6,0
2590000,21,0
3513260,15,0
1658319,7,0
2614764,3,0
3720993,7,0
2296585,2,0
2100207,0,1
3335874,6,0
3493502,4,0
2129922,2,0
2731466,24,0
2391533,17,0
647231,5,0
5152230,5,0
4905451,3,1
1623047,3,0
1587089,30,0
605728,1,1
3255560,58,1
2859815,15,0
2562097,34,1
1308215,32,1
4708402,8,0
4515277,11,0
5021817,8,0
1321504,3,0
2047704,4,0
3962841,2,0
3112312,3,0
250296,2,0
2125913,2,0
1319162,9,0
2767667,2,0
4210229,6,0
3795726,4,0
2727043,23,1
3094687,1,0
3275156,22,1
111907,14,0
2982680,20,0
1655069,4,0
2341877,1,0
443228,14,1
4901652,21,0
2056323,6,0
660486,1,0
1854634,0,0
3157993,9,0
4100490,2,0
4134417,1,0
448627,1,1
27355,6,0
3706308,1,0
3829943,26,0
1285753,11,1
345074,19,1
3098196,5,1
1642690,20,0
2848615,1,0
3324678,5,0
3354675,23,1
1796206,4,0
601226,0,0
4471432,6,0
235322,4,0
3515471,6,0
5047179,8,0
1967723,4,1
3869946,18,1
2326035,27,2
3600970,27,0
1027692,22,1
53004,27,0
1966260,6,0
4627575,7,0
4628426,10,0
3169331,28,0
553981,4,0
4243744,15,0
2536306,1,0
3502005,10,1
2586485,2,0
2923774,9,3
835003,14,1
4489003,3,0
2990302,6,1
4644087,4,0
5085754,38,1
115109,29,1
4473628,7,0
4844833,16,0
3311613,4,1
3647464,42,1
3252733,13,0
3488122,6,1
132895,8,0
1533447,16,0
185762,17,1
5122910,6,0
2054454,8,0
2679289,8,0
2110937,18,1
3584637,9,1
2579479,1,0
815321,3,0
1728826,2,0
4395841,6,1
4108642,2,0
2974878,7,0
4487701,8,1
4011669,6,0
82674,7,0
3524172,34,0
1495638,9,0
2141878,25,0
1671671,8,1
3351813,9,0
4479751,1,0
3995889,2,1
1697698,2,0
4371041,7,0
1353829,28,1
2846601,6,2
1895621,14,0
3228547,0,0
4252155,3,0
3397457,1,0
4341596,7,0
1502814,1,0
531308,4,0
1924702,5,0
4845078,5,0
1661651,23,1
1726534,5,0
3030639,4,0
5260,4,0
3644171,7,0
3348613,2,0
1867110,7,0
3722276,7,0
218909,16,0
5126963,10,1
335430,9,0
2958355,1,0
4280664,40,8
2246132,20,1
1881532,6,0
4540581,15,0
3360704,13,0
4869167,12,0
2167314,7,0
4069253,3,0
459086,3,0
2041255,1,0
428699,16,4
2735313,8,0
3860080,15,0
1305432,1,0
2446660,15,0
512689,5,0
3368531,1,0
3913540,1,0
2189034,10,1
1095788,3,0
2509783,3,0
3362949,20,1
5115504,8,0
1670169,11,0
2463370,49,0
2363898,3,0
4853698,1,0
3350848,4,0
734547,12,1
717439,18,2
3861374,5,0
1110335,10,0
4434992,7,0
794689,7,0
404763,1,0
4771421,18,0
3661711,3,0
1587432,4,0
3830463,1,0
2945147,29,0
4555409,2,0
5159987,3,0
4680709,2,0
2154134,4,0
3381799,1,0
3948491,4,0
4065109,32,5
4882625,10,3
2351634,3,0
1779844,3,0
881325,2,0
47317,24,0
3438255,3,0
4782209,1,0
3133154,31,3
2196026,2,0
4986527,13,0
4452893,11,0
4585904,5,0
461302,6,0
968177,3,0
3598519,6,0
964224,10,0
3310744,8,1
737049,8,0
774249,5,0
1628266,6,0
3537317,9,0
1125555,2,0
4964795,45,0
2789158,12,0
3918066,6,0
4115437,1,0
483357,21,0
2549387,8,0
5019025,6,0
4351344,24,2
1162183,3,0
1552067,16,1
2556321,1,0
507537,1,0
3474496,4,0
3176120,4,0
1787959,2,0
357501,2,0
1595547,6,0
4021213,13,0
4550394,5,0
3553214,1,0
4472217,8,0
2548556,0,0
2867510,15,1
982691,6,0
3489793,18,0
1921429,1,0
424676,28,1
475671,15,0
116547,5,0
2116462,4,0
2990050,1,0
2490152,12,0
3602091,7,0
1213555,9,0
4614690,11,1
2531265,1,0
2684706,1,1
4158268,6,0
2785289,13,1
190279,2,0
4957751,6,0
4113613,13,0
2975063,1,1
3554791,5,0
843284,3,0
2569524,12,0
820545,10,1
2989957,8,0
1441395,3,0
2919173,39,0
3969673,5,0
2433321,24,0
4157438,6,0
1507574,6,0
2722540,11,0
546920,27,0
1534678,0,0
2372616,3,0
2171171,10,0
2322083,7,0
4676717,2,0
2017717,11,1
3223811,4,0
3972964,1,0
2392939,3,0
3374829,2,0
1359701,3,0
2237538,5,0
2900985,3,0
1218392,1,0
2149434,12,0
897690,9,0
5055151,4,0
3697900,6,0
3203597,1,0
1366542,2,0
4137262,1,0
3852092,8,0
4091122,30,0
2702284,1,0
3245160,10,1
4258812,6,0
3384548,2,0
168839,9,0
3116132,1,0
4154416,8,0
4277481,1,0
4386541,3,0
4955858,6,0
503900,12,1
3609454,10,0
3890984,4,0
2874052,9,0
3820516,19,1
3138219,5,0
4926018,7,0
4066500,2,0
3443397,3,0
370944,2,0
2552028,8,0
1382934,8,0
2871822,11,1
1667127,7,1
2070005,20,2
369615,21,0
1573059,6,0
1640809,16,0
935504,11,0
5098483,2,0
3215924,3,0
3717548,1,0
4333109,4,0
2207771,1,0
4758346,10,0
19312,0,0
1554458,4,1
2915692,5,0
2481952,4,1
1120704,2,0
1396974,4,0
4969158,3,0
2032874,3,0
1005271,5,0
4688218,1,0
581695,5,0
60729,3,0
2808787,3,0
3275833,1,0
645031,2,0
4531239,8,1
4569602,1,0
901528,4,2
1884810,2,0
1917380,2,0
2306652,3,1
4341875,0,0
3263944,20,0
3786116,13,1
1957027,3,0
3332112,6,0
2921604,7,0
1671586,1,1
2039492,12,0
1574844,24,1
1059865,2,0
5021519,2,0
932821,10,0
5063747,4,0
3675862,3,0
3897081,6,0
4336961,5,2
5026005,1,0
1769803,8,0
2409545,5,0
4636796,1,0
3013806,7,0
1747167,14,0
3871104,2,0
3167818,2,0
4479225,20,0
5122750,1,0
2064607,1,0
3744856,3,0
2866632,5,1
1032677,4,0
4499911,3,0
4690238,2,0
4752469,2,0
2370776,22,2
4833416,5,0
4381590,4,0
293671,1,1
2657549,12,1
2829944,1,0
3749996,7,0
2390099,6,0
4786061,18,1
1994455,15,0
4039242,3,0
4342209,9,1
3908964,12,0
3595615,15,0
5035188,6,1
1774180,2,0
1254746,1,0
3071019,2,0
3824182,3,0
3780940,1,0
2863631,4,0
4271475,1,0
7031,1,0
4218900,1,0
662721,2,0
3389869,1,0
3891901,1,0
3440659,8,0
925172,4,3
1866473,6,0
1422781,1,0
3937048,2,0
2008346,6,0
2671905,3,0
3903733,2,0
2538504,5,0
4356015,3,0
1293641,2,0
1590213,3,0
3082178,10,2
2504771,10,0
5036062,2,1
258796,8,0
2205317,10,0
4618862,12,2
438633,9,0
3840609,1,0
3969404,1,0
2140432,1,0
813118,6,0
2805089,1,0
551696,1,1
4819143,10,0
4080768,6,0
3881067,16,4
660313,1,0
4825801,6,0
407465,1,0
4457443,9,0
4028866,2,1
1271170,1,0
65081,2,0
73014,4,0
643244,5,0
3711023,2,0
3968527,5,1
3654549,16,0
1065477,4,0
2301985,7,0
3566358,10,0
1075929,6,0
3398520,1,0
4008793,1,0
3815397,11,0
4285224,2,0
4520126,1,0
4476538,5,0
804785,5,0
4953201,5,0
3296047,3,0
1344294,5,0
66937,1,0
3856353,2,0
4231144,4,1
2373589,7,0
425714,4,0
3716999,1,0
1659799,4,0
1858318,4,0
4107038,4,0
5094843,2,0
1985036,7,0
3687055,5,0
3099944,4,0
3873991,1,0
3243672,7,0
3259456,12,1
1970861,2,0
4292257,10,0
1168276,27,1
43515,1,0
631363,2,0
237602,5,0
2141662,9,1
134171,20,0
1731380,4,0
3797455,1,0
3795591,1,0
351385,7,4
3480874,3,0
1814622,42,5
3143462,4,0
3092969,8,0
4298519,1,0
3879090,1,0
293990,1,0
3671502,17,0
114530,1,0
3393775,2,0
4105299,2,0
1067539,7,0
1792383,13,1
1824904,7,0
1396257,5,0
4611562,4,0
1256864,4,0
5099102,11,1
2829703,2,0
1057768,8,1
232110,5,0
2359571,9,1
3679335,2,0
3734966,1,0
2091723,2,0
3522964,2,0
3953000,13,2
3777349,3,1
1459422,6,0
1963234,8,0
2106856,2,0
192071,2,0
645488,5,0
3660977,7,0
758541,9,2
847547,3,0
4823948,4,1
1370740,1,1
2839284,3,0
3403185,5,1
4291550,5,1
1021468,8,1
3186326,1,0
3653509,0,0
707773,1,0
4801173,10,0
4189819,1,0
384430,3,0
1096086,11,0
3994495,5,0
520607,1,0
3267510,3,0
2747385,4,0
26313,5,2
5003510,2,0
1364274,1,0
145139,6,0
3481396,10,0
3616678,5,0
824255,1,0
4591767,1,0
1066136,1,0
447020,5,0
3278191,7,0
1699500,23,0
2025867,7,0
104028,1,0
1755532,17,0
568227,6,0
2519363,1,0
227347,3,0
330885,1,0
2004064,1,0
4904862,0,3
2249797,1,0
3743374,1,0
4858297,11,0
4690663,1,0
2098829,1,0
4179757,9,0
2501905,6,1
4646300,2,0
3355674,1,2
1053244,13,0
3369970,4,0
1348920,3,0
5124617,4,0
1953043,5,0
556049,2,0
1428764,3,1
2936800,1,0
4166776,3,0
5014617,2,0
3087264,7,0
1149018,7,0
4493529,2,0
3816124,7,0
4421053,5,0
2807354,3,0
3565273,1,0
3572214,2,0
3845662,1,0
4808818,14,1
5059222,1,0
2451584,9,0
4661002,5,0
823486,3,0
93556,7,0
404668,0,2
2227047,1,0
1223020,3,0
4990616,4,0
369872,2,0
2645356,2,0
613727,7,0
3049433,1,0
503024,2,0
372542,3,0
4113094,1,0
4385276,3,0
2424,44,4
4251327,3,0
1174055,2,0
34239,2,0
370860,1,0
1462183,0,1
915292,2,0
374823,1,0
3322577,5,0
1670811,5,0
2963685,10,0
1276176,3,0
3973326,9,1
1987259,1,0
2428245,4,0
1138765,3,0
132848,7,0
1433425,1,0
2167184,5,0
4443553,7,1
2636508,2,0
4864871,7,0
389121,3,0
3255031,1,0
2152016,3,0
1027408,3,0
495220,3,0
3711271,4,0
3733228,2,0
2281301,3,0
4518130,2,0
2106201,0,1
1489461,1,0
3772234,3,0
1954042,1,0
3065232,2,0
1988896,2,0
2807774,5,0
2632593,2,0
477240,1,0
2516180,5,0
2012787,1,0
2662378,4,0
1072657,2,0
2007807,2,0
2755314,3,0
1551400,6,0
1212701,3,0
578203,5,0
4423620,2,0
909901,1,0
1280190,2,0
4577878,1,0
789422,12,1
2251697,2,0
889184,8,1
232953,1,0
91040,5,0
1280248,2,0
2413913,2,0
3954807,11,0
1809458,8,0
4185481,7,1
2260778,5,0
5127177,5,0
543536,1,0
1580904,10,0
673889,5,1
2381322,1,0
2727291,9,0
684219,1,0
1949384,9,0
263955,1,0
746832,7,0
1006284,2,0
1968631,5,0
1404491,2,0
3432389,11,1
1460416,6,1
1586135,3,1
3840675,3,0
4566100,2,0
3381335,8,0
3508382,4,0
1630997,1,0
2787512,1,0
3406774,5,0
927518,1,0
4559222,2,0
3478714,18,0
2117481,1,0
4941903,3,0
4232759,1,0
2250692,1,0
4119113,1,0
226573,3,0
1357129,1,0
478754,3,0
2957140,2,0
4528233,3,1
1862237,6,0
3626612,1,0
838521,1,0
4889505,34,0
45781,2,0
2752425,1,0
4481074,2,0
3158512,1,0
382095,1,0
601591,1,0
2767638,0,0
3311272,2,0
3526135,1,0
2712011,1,0
1989492,1,0
4257951,5,4
870435,1,0
3458141,12,1
4650462,2,0
896773,3,0
232290,2,0
1044389,1,0
4345977,1,0
1687626,1,0
3892045,2,0
5013384,1,0
4895302,4,0
4568987,14,0
4316816,5,0
1695680,1,0
3872682,1,0
886180,5,2
2822870,3,0
224089,7,0
3642746,2,0
1036034,1,0
3930189,6,0
2182765,1,0
3281003,1,0
2683261,1,0
2031230,4,0
3077187,3,0
1240911,9,0
4359961,3,1
2031905,2,0
2007186,6,0
3912491,1,0
4545149,1,0
2109575,2,0
511050,2,0
1166959,0,0
3321400,1,1
1972098,3,0
3440367,1,0
4338723,1,0
3863766,4,0
3498723,4,0
1838926,5,0
644996,0,0
314676,2,0
1968703,1,0
1021514,5,1
4479848,1,0
4855119,1,0
4283560,1,1
1106078,3,0
5098964,1,0
2680565,1,0
3624034,1,0
3560511,1,0
4392012,2,0
1352801,2,0
4233334,3,0
4100250,1,1
872309,10,0
1110267,3,3
4672413,3,0
564161,1,0
5153518,2,0
65951,1,0
1709616,2,0
4301852,0,0
1402589,2,0
1025332,1,0
407215,0,1
196585,2,1
4512632,2,0
838682,3,0
240371,1,0
3464610,3,0
3313825,3,0
3008531,3,1
4936766,7,0
2763839,2,0
2283941,1,0
2875523,5,0
2127368,0,0
1415908,3,0
4948734,2,0
250045,2,0
614109,4,0
1265876,3,0
4561635,3,0
4923537,2,0
3711867,1,0
3343690,4,0
389589,10,0
4296101,3,0
821999,3,0
582309,1,0
1115353,1,0
3996499,3,1
3114434,3,0
254565,5,0
3346248,3,0
1515316,7,1
95195,3,0
4520456,1,0
4459982,1,0
2476487,3,0
2142760,1,0
10615,2,0
5114075,1,0
4292570,1,0
922434,1,0
196770,2,0
3078593,2,0
3133801,1,0
5085260,7,0
2774920,2,0
757052,1,0
278423,1,0
1089289,2,0
633683,1,0
4661187,1,0
791715,1,0
2737972,3,0
4852683,6,0
4905058,2,0
4005883,2,0
2273362,2,0
4222630,1,0
981822,1,0
2647375,2,0
1156571,5,1
2952811,1,0
3399506,4,0
4748084,2,0
2544278,1,0
3277606,1,0
1336236,1,0
3382276,1,0
868838,2,0
571540,1,0
2450485,1,0
563506,1,0
1985472,1,0
4369556,1,0
5057032,1,0
2785575,2,0
3385899,1,0
2655925,2,0
390940,1,0
3828937,2,0
397645,1,0
2433755,1,0
245567,2,0
4629358,1,0
4686559,1,0
4907990,2,0
3039816,1,0
2825794,1,0
3135332,2,0
682223,1,0
2424201,1,0
1211133,2,0
2518342,2,0
1727615,1,0
4472851,3,0
5145245,1,0
2865911,0,0
1729158,1,0
4104489,3,0
2052028,3,0
1373415,3,0
3128707,2,0
974880,1,0
7963,2,0
4192522,1,0
1349710,0,2
4698987,1,0
2921218,0,0
2812314,3,2
2297976,0,1
3706940,1,0
4235031,2,0
270881,2,0
4764780,4,0
3717793,4,0
3212144,1,0
3659251,1,0
3287283,2,0
3078951,2,0
249052,5,0
1291624,1,0
753736,5,0
1073837,1,0
4839953,1,0
5102230,1,0
4371341,1,0
496717,3,0
4004974,1,0
4525872,3,0
2300337,2,0
4838640,1,0
4867561,1,0
1058540,2,0
72747,1,0
464023,2,0
1758655,0,3
1296862,1,0
1639698,1,1
3940229,2,0
4471156,2,0
692239,5,0
1070414,1,0
3477934,5,0
1502376,0,0
2371279,0,0
1195692,1,0
5058300,3,0
384232,1,0
1948343,2,0
643174,4,0
4059767,1,0
2333456,2,0
819112,2,0
5150197,9,0
5110181,1,0
1156608,1,0
2927511,2,0
3983115,2,0
1750789,1,0
1868377,2,0
2259344,1,0
4009025,1,0
2715979,2,0
3465677,1,0
5076917,1,0
5067630,0,1
4910176,4,0
4855707,1,0
3329218,2,0
1579651,1,0
2906870,1,0
3986469,1,0
3930652,4,0
1007085,2,0
4472847,1,0
3871686,3,0
2041167,1,1
4517283,1,0
3489674,1,0
2085506,1,0
4152805,1,0
2514867,1,0
2656008,1,0
2216140,1,0
571253,4,0
2513821,2,0
2633457,1,0
2131134,1,0
1971654,1,0
3393256,2,0
353241,1,0
3774768,1,0
1307456,1,0
4073578,2,0
1390728,1,0
3335780,2,0
4322044,1,0
794406,1,0
497389,1,0
1390802,1,0
2203772,1,0
2310064,1,0
1878101,5,0
4565626,0,0
1679586,1,0
81455,1,0
3768471,1,0
3023345,1,0
3738841,1,0
4751285,1,0
2992285,1,0
460371,3,0
530199,2,0
2239834,1,0
4281192,1,0
5003703,4,0
359667,3,0
1807966,2,0
3874673,1,0
3917062,1,0
2713287,2,0
2293821,1,0
1150034,1,0
4275597,1,0
2156419,1,0
94423,1,0
2144884,1,0
811034,2,0
2850638,1,0
2243748,4,0
2517195,0,1
3487173,1,0
4747020,1,0
2136402,1,0
1942968,1,0
1351707,1,0
4359060,1,0
4811080,1,0
769719,1,0
1471329,3,0
1964629,1,0
2803989,2,0
3148880,1,0
5050076,1,0
3097922,6,0
1457038,1,0
4364751,3,1
4805441,1,0
4219563,1,0
5054246,1,0
545642,1,0
200320,1,0
4604759,1,0
3000235,1,0
1757197,1,0
4916747,1,0
1801139,1,0
3963145,1,0
3838146,1,0
2271070,2,0
2562754,1,0
3970882,1,0
2410582,1,0
56325,1,0
3520895,1,0
62106,2,0
1870820,1,0
3947327,1,0
4067222,1,0
556352,1,0
845872,1,0
3102174,1,0
2831555,1,0
764499,1,0
4324450,1,0
1291530,1,0
25791,1,0
2059323,1,0
4917341,1,0
2514422,1,0
1749226,1,0
3873166,1,0
1478403,1,0
5138170,1,0
883064,0,0
2823764,1,0
2972583,1,0
4186126,1,0
1006931,1,0
4123471,1,0
3844704,1,0
2701713,0,1
1211863,1,0
4945060,1,0
3021028,1,0
